[10:06:42] BAT DAU E5 huan luyen: -u experiments.py e5 --luoi 0 0.1 0.5 1
E5: kiem dinh cheo 5 fold, luoi lambda duoc chi dinh [0.0, 0.1, 0.5, 1.0]
  > D:\nam4_ky1\AI_4_IOT\Module 5 - PROJECT\G6\train.py --id e5_f1_lam0 --lam 0.0 --fold 1
[e5_f1_lam0] device=cpu | train S[6, 7, 8, 9, 10, 11, 12, 13, 14, 15] | val S[4, 5] | lam=0.0 | lstm=True | acc=False
  nap xong: train 42407 cua so, val 9221 cua so (6s)
  ep   1  loss 1.16673  L_gap 1.16673  L_bnd 0.16379  |  MAE_val(macro) 0.72142  lr 1.00e-03  78.5s
  ep   2  loss 0.99296  L_gap 0.99296  L_bnd 0.07464  |  MAE_val(macro) 0.67865  lr 1.00e-03  77.7s
  ep   3  loss 0.93472  L_gap 0.93472  L_bnd 0.06003  |  MAE_val(macro) 0.66251  lr 1.00e-03  75.7s
  ep   4  loss 0.92664  L_gap 0.92664  L_bnd 0.05435  |  MAE_val(macro) 0.66152  lr 1.00e-03  59.5s
  ep   5  loss 0.92034  L_gap 0.92034  L_bnd 0.04971  |  MAE_val(macro) 0.66024  lr 1.00e-03  82.7s
  ep   6  loss 0.94028  L_gap 0.94028  L_bnd 0.04883  |  MAE_val(macro) 0.65216  lr 1.00e-03  67.6s
  ep   7  loss 0.90542  L_gap 0.90542  L_bnd 0.04580  |  MAE_val(macro) 0.65224  lr 1.00e-03  78.1s
  ep   8  loss 0.90868  L_gap 0.90868  L_bnd 0.04585  |  MAE_val(macro) 0.64450  lr 1.00e-03  79.4s
  ep   9  loss 0.89135  L_gap 0.89135  L_bnd 0.04188  |  MAE_val(macro) 0.64597  lr 1.00e-03  77.9s
  ep  10  loss 0.83989  L_gap 0.83989  L_bnd 0.04122  |  MAE_val(macro) 0.64509  lr 1.00e-03  35.3s
  ep  11  loss 0.85575  L_gap 0.85575  L_bnd 0.04027  |  MAE_val(macro) 0.64885  lr 1.00e-03  21.7s
  ep  12  loss 0.90410  L_gap 0.90410  L_bnd 0.04369  |  MAE_val(macro) 0.64158  lr 1.00e-03  21.0s
  ep  13  loss 0.86951  L_gap 0.86951  L_bnd 0.03955  |  MAE_val(macro) 0.64081  lr 1.00e-03  21.8s
  ep  14  loss 0.84759  L_gap 0.84759  L_bnd 0.03815  |  MAE_val(macro) 0.63988  lr 1.00e-03  21.3s
  ep  15  loss 0.86814  L_gap 0.86814  L_bnd 0.03734  |  MAE_val(macro) 0.63506  lr 1.00e-03  22.9s
  ep  16  loss 0.86872  L_gap 0.86872  L_bnd 0.03614  |  MAE_val(macro) 0.63597  lr 1.00e-03  22.9s
  ep  17  loss 0.84154  L_gap 0.84154  L_bnd 0.03565  |  MAE_val(macro) 0.63834  lr 1.00e-03  22.2s
  ep  18  loss 0.86145  L_gap 0.86145  L_bnd 0.03710  |  MAE_val(macro) 0.63909  lr 1.00e-03  21.9s
  ep  19  loss 0.86732  L_gap 0.86732  L_bnd 0.03548  |  MAE_val(macro) 0.63175  lr 1.00e-03  29.9s
  ep  20  loss 0.85822  L_gap 0.85822  L_bnd 0.03477  |  MAE_val(macro) 0.63119  lr 1.00e-03  21.1s
  ep  21  loss 0.81622  L_gap 0.81622  L_bnd 0.03280  |  MAE_val(macro) 0.63031  lr 1.00e-03  22.0s
  ep  22  loss 0.84373  L_gap 0.84373  L_bnd 0.03303  |  MAE_val(macro) 0.63460  lr 1.00e-03  22.7s
  ep  23  loss 0.82443  L_gap 0.82443  L_bnd 0.03176  |  MAE_val(macro) 0.63567  lr 1.00e-03  59.3s
  ep  24  loss 0.85509  L_gap 0.85509  L_bnd 0.03216  |  MAE_val(macro) 0.63136  lr 1.00e-03  46.8s
  ep  25  loss 0.83887  L_gap 0.83887  L_bnd 0.03263  |  MAE_val(macro) 0.63006  lr 1.00e-03  79.0s
  ep  26  loss 0.83658  L_gap 0.83658  L_bnd 0.03318  |  MAE_val(macro) 0.63321  lr 1.00e-03  32.8s
  ep  27  loss 0.83335  L_gap 0.83335  L_bnd 0.03011  |  MAE_val(macro) 0.63325  lr 1.00e-03  20.9s
  ep  28  loss 0.85493  L_gap 0.85493  L_bnd 0.03105  |  MAE_val(macro) 0.62917  lr 1.00e-03  43.9s
  ep  29  loss 0.82598  L_gap 0.82598  L_bnd 0.03034  |  MAE_val(macro) 0.62123  lr 1.00e-03  78.9s
  ep  30  loss 0.83512  L_gap 0.83512  L_bnd 0.02910  |  MAE_val(macro) 0.62435  lr 1.00e-03  58.5s
  ep  31  loss 0.82731  L_gap 0.82731  L_bnd 0.02902  |  MAE_val(macro) 0.62381  lr 1.00e-03  20.9s
  ep  32  loss 0.82191  L_gap 0.82191  L_bnd 0.02962  |  MAE_val(macro) 0.62864  lr 1.00e-03  21.7s
  ep  33  loss 0.82397  L_gap 0.82397  L_bnd 0.02763  |  MAE_val(macro) 0.62235  lr 1.00e-03  27.5s
  ep  34  loss 0.83762  L_gap 0.83762  L_bnd 0.02826  |  MAE_val(macro) 0.62582  lr 1.00e-03  21.8s
  ep  35  loss 0.83280  L_gap 0.83280  L_bnd 0.02928  |  MAE_val(macro) 0.62295  lr 5.00e-04  50.2s
  ep  36  loss 0.83898  L_gap 0.83898  L_bnd 0.02640  |  MAE_val(macro) 0.61811  lr 5.00e-04  35.0s
  ep  37  loss 0.81371  L_gap 0.81371  L_bnd 0.02643  |  MAE_val(macro) 0.61871  lr 5.00e-04  21.1s
  ep  38  loss 0.80533  L_gap 0.80533  L_bnd 0.02567  |  MAE_val(macro) 0.61609  lr 5.00e-04  21.3s
  ep  39  loss 0.79810  L_gap 0.79810  L_bnd 0.02550  |  MAE_val(macro) 0.61684  lr 5.00e-04  54.2s
  ep  40  loss 0.82679  L_gap 0.82679  L_bnd 0.02470  |  MAE_val(macro) 0.61693  lr 5.00e-04  38.7s
  ep  41  loss 0.83400  L_gap 0.83400  L_bnd 0.02544  |  MAE_val(macro) 0.61662  lr 5.00e-04  21.4s
  ep  42  loss 0.81677  L_gap 0.81677  L_bnd 0.02521  |  MAE_val(macro) 0.62070  lr 5.00e-04  32.9s
  ep  43  loss 0.79139  L_gap 0.79139  L_bnd 0.02433  |  MAE_val(macro) 0.61738  lr 5.00e-04  64.8s
  ep  44  loss 0.81648  L_gap 0.81648  L_bnd 0.02429  |  MAE_val(macro) 0.61599  lr 5.00e-04  39.0s
  ep  45  loss 0.81687  L_gap 0.81687  L_bnd 0.02296  |  MAE_val(macro) 0.61606  lr 5.00e-04  79.5s
  ep  46  loss 0.79302  L_gap 0.79302  L_bnd 0.02493  |  MAE_val(macro) 0.61711  lr 5.00e-04  81.5s
  ep  47  loss 0.76644  L_gap 0.76644  L_bnd 0.02439  |  MAE_val(macro) 0.61731  lr 5.00e-04  78.7s
  ep  48  loss 0.79835  L_gap 0.79835  L_bnd 0.02386  |  MAE_val(macro) 0.61529  lr 5.00e-04  83.5s
  ep  49  loss 0.78607  L_gap 0.78607  L_bnd 0.02329  |  MAE_val(macro) 0.61634  lr 5.00e-04  28.6s
  ep  50  loss 0.81701  L_gap 0.81701  L_bnd 0.02340  |  MAE_val(macro) 0.61436  lr 5.00e-04  24.8s
  ep  51  loss 0.81156  L_gap 0.81156  L_bnd 0.02364  |  MAE_val(macro) 0.61244  lr 5.00e-04  21.7s
  ep  52  loss 0.77780  L_gap 0.77780  L_bnd 0.02289  |  MAE_val(macro) 0.61702  lr 5.00e-04  42.1s
  ep  53  loss 0.80882  L_gap 0.80882  L_bnd 0.02290  |  MAE_val(macro) 0.61274  lr 5.00e-04  79.2s
  ep  54  loss 0.81451  L_gap 0.81451  L_bnd 0.02324  |  MAE_val(macro) 0.61489  lr 5.00e-04  57.0s
  ep  55  loss 0.82088  L_gap 0.82088  L_bnd 0.02202  |  MAE_val(macro) 0.61412  lr 5.00e-04  57.3s
  ep  56  loss 0.80868  L_gap 0.80868  L_bnd 0.02270  |  MAE_val(macro) 0.61476  lr 5.00e-04  40.1s
  ep  57  loss 0.81610  L_gap 0.81610  L_bnd 0.02280  |  MAE_val(macro) 0.61289  lr 2.50e-04  86.2s
  ep  58  loss 0.81849  L_gap 0.81849  L_bnd 0.02113  |  MAE_val(macro) 0.61134  lr 2.50e-04  21.3s
  ep  59  loss 0.78079  L_gap 0.78079  L_bnd 0.02117  |  MAE_val(macro) 0.61023  lr 2.50e-04  21.2s
  ep  60  loss 0.78472  L_gap 0.78472  L_bnd 0.02107  |  MAE_val(macro) 0.61008  lr 2.50e-04  21.2s
  ep  61  loss 0.78376  L_gap 0.78376  L_bnd 0.02144  |  MAE_val(macro) 0.61077  lr 2.50e-04  70.1s
  ep  62  loss 0.84684  L_gap 0.84684  L_bnd 0.02191  |  MAE_val(macro) 0.60979  lr 2.50e-04  31.3s
  ep  63  loss 0.75771  L_gap 0.75771  L_bnd 0.02059  |  MAE_val(macro) 0.60984  lr 2.50e-04  20.9s
  ep  64  loss 0.78370  L_gap 0.78370  L_bnd 0.02056  |  MAE_val(macro) 0.61155  lr 2.50e-04  26.5s
  ep  65  loss 0.78576  L_gap 0.78576  L_bnd 0.02138  |  MAE_val(macro) 0.61095  lr 2.50e-04  21.0s
  ep  66  loss 0.82156  L_gap 0.82156  L_bnd 0.02043  |  MAE_val(macro) 0.61033  lr 2.50e-04  50.7s
  ep  67  loss 0.79146  L_gap 0.79146  L_bnd 0.02054  |  MAE_val(macro) 0.61095  lr 2.50e-04  37.6s
  ep  68  loss 0.80302  L_gap 0.80302  L_bnd 0.02067  |  MAE_val(macro) 0.61306  lr 1.25e-04  77.9s
  ep  69  loss 0.77979  L_gap 0.77979  L_bnd 0.02063  |  MAE_val(macro) 0.61055  lr 1.25e-04  78.5s

===== CHAY LAI SAU KHI BI NGAT, 11:45 24/09 =====
[11:45:49] BAT DAU E5 huan luyen: -u experiments.py e5 --luoi 0 0.1 0.5 1
E5: kiem dinh cheo 5 fold, luoi lambda duoc chi dinh [0.0, 0.1, 0.5, 1.0]
  > D:\nam4_ky1\AI_4_IOT\Module 5 - PROJECT\G6\train.py --id e5_f1_lam0 --lam 0.0 --fold 1
[e5_f1_lam0] device=cpu | train S[6, 7, 8, 9, 10, 11, 12, 13, 14, 15] | val S[4, 5] | lam=0.0 | lstm=True | acc=False
  nap xong: train 42407 cua so, val 9221 cua so (2s)
  tiep tuc tu checkpoint: epoch 70, da chay 51.9 phut truoc do
  ep  70  loss 0.81298  L_gap 0.81298  L_bnd 0.02005  |  MAE_val(macro) 0.60839  lr 1.25e-04  21.0s
  ep  71  loss 0.77539  L_gap 0.77539  L_bnd 0.02093  |  MAE_val(macro) 0.60945  lr 1.25e-04  20.7s
  ep  72  loss 0.77204  L_gap 0.77204  L_bnd 0.02018  |  MAE_val(macro) 0.61030  lr 1.25e-04  32.7s
  ep  73  loss 0.76966  L_gap 0.76966  L_bnd 0.02057  |  MAE_val(macro) 0.60906  lr 1.25e-04  20.8s
  ep  74  loss 0.77770  L_gap 0.77770  L_bnd 0.01990  |  MAE_val(macro) 0.61014  lr 1.25e-04  20.6s
  ep  75  loss 0.80936  L_gap 0.80936  L_bnd 0.01970  |  MAE_val(macro) 0.60866  lr 1.25e-04  20.8s
  ep  76  loss 0.78806  L_gap 0.78806  L_bnd 0.01997  |  MAE_val(macro) 0.60876  lr 6.25e-05  21.1s
  ep  77  loss 0.77579  L_gap 0.77579  L_bnd 0.01970  |  MAE_val(macro) 0.60826  lr 6.25e-05  21.6s
  ep  78  loss 0.76976  L_gap 0.76976  L_bnd 0.01986  |  MAE_val(macro) 0.60884  lr 6.25e-05  22.1s
  ep  79  loss 0.79960  L_gap 0.79960  L_bnd 0.01996  |  MAE_val(macro) 0.60989  lr 6.25e-05  21.9s
  ep  80  loss 0.80660  L_gap 0.80660  L_bnd 0.01988  |  MAE_val(macro) 0.60810  lr 6.25e-05  23.7s
  ep  81  loss 0.77432  L_gap 0.77432  L_bnd 0.01975  |  MAE_val(macro) 0.60922  lr 6.25e-05  22.9s
  ep  82  loss 0.77783  L_gap 0.77783  L_bnd 0.01944  |  MAE_val(macro) 0.60896  lr 6.25e-05  23.8s
  ep  83  loss 0.80563  L_gap 0.80563  L_bnd 0.01943  |  MAE_val(macro) 0.60824  lr 6.25e-05  74.5s
  ep  84  loss 0.80819  L_gap 0.80819  L_bnd 0.01928  |  MAE_val(macro) 0.60848  lr 6.25e-05  80.0s
  ep  85  loss 0.79782  L_gap 0.79782  L_bnd 0.01974  |  MAE_val(macro) 0.60793  lr 6.25e-05  85.5s
  ep  86  loss 0.78759  L_gap 0.78759  L_bnd 0.01981  |  MAE_val(macro) 0.60973  lr 6.25e-05  155.4s
  ep  87  loss 0.76956  L_gap 0.76956  L_bnd 0.01988  |  MAE_val(macro) 0.60998  lr 6.25e-05  167.6s
  ep  88  loss 0.78092  L_gap 0.78092  L_bnd 0.01933  |  MAE_val(macro) 0.60962  lr 6.25e-05  169.4s
  ep  89  loss 0.80348  L_gap 0.80348  L_bnd 0.01976  |  MAE_val(macro) 0.61015  lr 6.25e-05  170.4s
  ep  90  loss 0.78817  L_gap 0.78817  L_bnd 0.01992  |  MAE_val(macro) 0.60818  lr 6.25e-05  172.8s
  ep  91  loss 0.77360  L_gap 0.77360  L_bnd 0.01954  |  MAE_val(macro) 0.60810  lr 3.13e-05  170.8s
  ep  92  loss 0.81175  L_gap 0.81175  L_bnd 0.01945  |  MAE_val(macro) 0.60815  lr 3.13e-05  172.3s
  ep  93  loss 0.80205  L_gap 0.80205  L_bnd 0.01946  |  MAE_val(macro) 0.60819  lr 3.13e-05  114.3s
  ep  94  loss 0.79449  L_gap 0.79449  L_bnd 0.01922  |  MAE_val(macro) 0.60823  lr 3.13e-05  76.9s
  ep  95  loss 0.77845  L_gap 0.77845  L_bnd 0.01955  |  MAE_val(macro) 0.60858  lr 3.13e-05  163.7s
  early stopping: 10 epoch khong cai thien.
  xong: MAE_val tot nhat 0.60793 tai epoch 85/95, 86.4 phut, 54.5 s/epoch. Ghi e5_f1_lam0.json, e5_f1_lam0.pt
  > D:\nam4_ky1\AI_4_IOT\Module 5 - PROJECT\G6\train.py --id e5_f1_lam0.1 --lam 0.1 --fold 1
[e5_f1_lam0.1] device=cpu | train S[6, 7, 8, 9, 10, 11, 12, 13, 14, 15] | val S[4, 5] | lam=0.1 | lstm=True | acc=False
  nap xong: train 42407 cua so, val 9221 cua so (17s)
  ep   1  loss 1.18822  L_gap 1.17522  L_bnd 0.12996  |  MAE_val(macro) 0.73661  lr 1.00e-03  85.2s
  ep   2  loss 1.01117  L_gap 1.00535  L_bnd 0.05823  |  MAE_val(macro) 0.67937  lr 1.00e-03  77.8s
[12:26:13] BAT DAU E5 huan luyen: -u experiments.py e5 --luoi 0 0.1 0.5 1
E5: kiem dinh cheo 5 fold, luoi lambda duoc chi dinh [0.0, 0.1, 0.5, 1.0]
  [co san] e5_f1_lam0
  > D:\nam4_ky1\AI_4_IOT\Module 5 - PROJECT\G6\train.py --id e5_f1_lam0.1 --lam 0.1 --fold 1
[e5_f1_lam0.1] device=cpu | train S[6, 7, 8, 9, 10, 11, 12, 13, 14, 15] | val S[4, 5] | lam=0.1 | lstm=True | acc=False
  nap xong: train 42407 cua so, val 9221 cua so (4s)
  tiep tuc tu checkpoint: epoch 3, da chay 2.7 phut truoc do
  ep   3  loss 0.94001  L_gap 0.93551  L_bnd 0.04495  |  MAE_val(macro) 0.66246  lr 1.00e-03  136.8s
  ep   4  loss 0.93256  L_gap 0.92850  L_bnd 0.04060  |  MAE_val(macro) 0.65982  lr 1.00e-03  132.0s
  ep   5  loss 0.92590  L_gap 0.92223  L_bnd 0.03671  |  MAE_val(macro) 0.65347  lr 1.00e-03  137.7s
  ep   6  loss 0.94558  L_gap 0.94210  L_bnd 0.03474  |  MAE_val(macro) 0.65054  lr 1.00e-03  143.4s
  ep   7  loss 0.91035  L_gap 0.90708  L_bnd 0.03269  |  MAE_val(macro) 0.64681  lr 1.00e-03  139.8s
  ep   8  loss 0.91352  L_gap 0.91035  L_bnd 0.03172  |  MAE_val(macro) 0.64170  lr 1.00e-03  138.0s
  ep   9  loss 0.89471  L_gap 0.89188  L_bnd 0.02831  |  MAE_val(macro) 0.64633  lr 1.00e-03  140.0s
  ep  10  loss 0.84281  L_gap 0.84005  L_bnd 0.02758  |  MAE_val(macro) 0.64107  lr 1.00e-03  141.8s
  ep  11  loss 0.85771  L_gap 0.85501  L_bnd 0.02699  |  MAE_val(macro) 0.64495  lr 1.00e-03  150.9s
  ep  12  loss 0.90771  L_gap 0.90478  L_bnd 0.02935  |  MAE_val(macro) 0.64566  lr 1.00e-03  145.1s
  ep  13  loss 0.87214  L_gap 0.86958  L_bnd 0.02556  |  MAE_val(macro) 0.63896  lr 1.00e-03  141.9s
  ep  14  loss 0.84938  L_gap 0.84699  L_bnd 0.02384  |  MAE_val(macro) 0.63865  lr 1.00e-03  136.6s
  ep  15  loss 0.86965  L_gap 0.86731  L_bnd 0.02343  |  MAE_val(macro) 0.63405  lr 1.00e-03  137.5s
  ep  16  loss 0.86942  L_gap 0.86717  L_bnd 0.02246  |  MAE_val(macro) 0.63322  lr 1.00e-03  139.4s
  ep  17  loss 0.84385  L_gap 0.84162  L_bnd 0.02236  |  MAE_val(macro) 0.63684  lr 1.00e-03  135.7s
  ep  18  loss 0.86227  L_gap 0.86010  L_bnd 0.02166  |  MAE_val(macro) 0.63787  lr 1.00e-03  136.7s
  ep  19  loss 0.86856  L_gap 0.86646  L_bnd 0.02091  |  MAE_val(macro) 0.62924  lr 1.00e-03  134.9s
  ep  20  loss 0.86027  L_gap 0.85816  L_bnd 0.02111  |  MAE_val(macro) 0.63113  lr 1.00e-03  138.5s
  ep  21  loss 0.81738  L_gap 0.81538  L_bnd 0.01998  |  MAE_val(macro) 0.62826  lr 1.00e-03  138.4s
  ep  22  loss 0.84386  L_gap 0.84184  L_bnd 0.02023  |  MAE_val(macro) 0.63364  lr 1.00e-03  137.0s
  ep  23  loss 0.82559  L_gap 0.82364  L_bnd 0.01950  |  MAE_val(macro) 0.63323  lr 1.00e-03  140.4s
  ep  24  loss 0.85616  L_gap 0.85422  L_bnd 0.01936  |  MAE_val(macro) 0.62728  lr 1.00e-03  137.4s
  ep  25  loss 0.83899  L_gap 0.83703  L_bnd 0.01964  |  MAE_val(macro) 0.62765  lr 1.00e-03  136.8s
  ep  26  loss 0.83724  L_gap 0.83524  L_bnd 0.02000  |  MAE_val(macro) 0.62856  lr 1.00e-03  135.6s
  ep  27  loss 0.83477  L_gap 0.83291  L_bnd 0.01857  |  MAE_val(macro) 0.63525  lr 1.00e-03  132.6s
  ep  28  loss 0.85784  L_gap 0.85589  L_bnd 0.01947  |  MAE_val(macro) 0.62483  lr 1.00e-03  142.1s
  ep  29  loss 0.82682  L_gap 0.82501  L_bnd 0.01817  |  MAE_val(macro) 0.62365  lr 1.00e-03  145.6s
  ep  30  loss 0.83516  L_gap 0.83338  L_bnd 0.01778  |  MAE_val(macro) 0.62146  lr 1.00e-03  139.6s
  ep  31  loss 0.82792  L_gap 0.82618  L_bnd 0.01738  |  MAE_val(macro) 0.62327  lr 1.00e-03  138.6s
  ep  32  loss 0.82502  L_gap 0.82318  L_bnd 0.01840  |  MAE_val(macro) 0.62474  lr 1.00e-03  141.4s
  ep  33  loss 0.82489  L_gap 0.82321  L_bnd 0.01683  |  MAE_val(macro) 0.62169  lr 1.00e-03  146.2s
  ep  34  loss 0.83783  L_gap 0.83616  L_bnd 0.01675  |  MAE_val(macro) 0.62456  lr 1.00e-03  152.8s
  ep  35  loss 0.83425  L_gap 0.83251  L_bnd 0.01739  |  MAE_val(macro) 0.62128  lr 1.00e-03  153.2s
  ep  36  loss 0.84922  L_gap 0.84751  L_bnd 0.01701  |  MAE_val(macro) 0.61996  lr 1.00e-03  153.1s
  ep  37  loss 0.82301  L_gap 0.82129  L_bnd 0.01718  |  MAE_val(macro) 0.62174  lr 1.00e-03  148.9s
  ep  38  loss 0.81377  L_gap 0.81217  L_bnd 0.01602  |  MAE_val(macro) 0.62156  lr 1.00e-03  151.8s
  ep  39  loss 0.80683  L_gap 0.80517  L_bnd 0.01656  |  MAE_val(macro) 0.61889  lr 1.00e-03  150.5s
  ep  40  loss 0.83554  L_gap 0.83393  L_bnd 0.01606  |  MAE_val(macro) 0.62261  lr 1.00e-03  147.4s
  ep  41  loss 0.84448  L_gap 0.84289  L_bnd 0.01590  |  MAE_val(macro) 0.61897  lr 1.00e-03  150.1s
  ep  42  loss 0.82612  L_gap 0.82443  L_bnd 0.01684  |  MAE_val(macro) 0.62320  lr 1.00e-03  149.3s
  ep  43  loss 0.79907  L_gap 0.79754  L_bnd 0.01526  |  MAE_val(macro) 0.61993  lr 1.00e-03  153.1s
  ep  44  loss 0.82281  L_gap 0.82120  L_bnd 0.01614  |  MAE_val(macro) 0.61777  lr 1.00e-03  149.7s
  ep  45  loss 0.82426  L_gap 0.82279  L_bnd 0.01471  |  MAE_val(macro) 0.61731  lr 1.00e-03  147.7s
  ep  46  loss 0.80069  L_gap 0.79911  L_bnd 0.01586  |  MAE_val(macro) 0.61866  lr 1.00e-03  147.8s
  ep  47  loss 0.77289  L_gap 0.77137  L_bnd 0.01518  |  MAE_val(macro) 0.61707  lr 1.00e-03  177.2s
  ep  48  loss 0.80625  L_gap 0.80474  L_bnd 0.01507  |  MAE_val(macro) 0.61734  lr 1.00e-03  182.3s
  ep  49  loss 0.79265  L_gap 0.79115  L_bnd 0.01507  |  MAE_val(macro) 0.61821  lr 1.00e-03  151.9s
  ep  50  loss 0.82221  L_gap 0.82072  L_bnd 0.01485  |  MAE_val(macro) 0.61282  lr 1.00e-03  167.6s
  ep  51  loss 0.81859  L_gap 0.81711  L_bnd 0.01482  |  MAE_val(macro) 0.61385  lr 1.00e-03  213.0s
  ep  52  loss 0.78323  L_gap 0.78183  L_bnd 0.01404  |  MAE_val(macro) 0.61665  lr 1.00e-03  175.7s
  ep  53  loss 0.81536  L_gap 0.81389  L_bnd 0.01469  |  MAE_val(macro) 0.61721  lr 1.00e-03  169.2s
  ep  54  loss 0.82097  L_gap 0.81952  L_bnd 0.01447  |  MAE_val(macro) 0.61606  lr 1.00e-03  144.7s
  ep  55  loss 0.82621  L_gap 0.82484  L_bnd 0.01374  |  MAE_val(macro) 0.61819  lr 1.00e-03  155.9s
  ep  56  loss 0.81444  L_gap 0.81304  L_bnd 0.01406  |  MAE_val(macro) 0.61171  lr 1.00e-03  199.5s
  ep  57  loss 0.82098  L_gap 0.81955  L_bnd 0.01430  |  MAE_val(macro) 0.61197  lr 1.00e-03  179.5s
  ep  58  loss 0.82794  L_gap 0.82649  L_bnd 0.01444  |  MAE_val(macro) 0.61557  lr 1.00e-03  136.7s
  ep  59  loss 0.79144  L_gap 0.79008  L_bnd 0.01357  |  MAE_val(macro) 0.61017  lr 1.00e-03  147.3s
  ep  60  loss 0.79582  L_gap 0.79441  L_bnd 0.01408  |  MAE_val(macro) 0.61451  lr 1.00e-03  161.8s
  ep  61  loss 0.79381  L_gap 0.79243  L_bnd 0.01377  |  MAE_val(macro) 0.62628  lr 1.00e-03  192.0s
  ep  62  loss 0.86118  L_gap 0.85965  L_bnd 0.01530  |  MAE_val(macro) 0.61082  lr 1.00e-03  210.4s
  ep  63  loss 0.76628  L_gap 0.76499  L_bnd 0.01292  |  MAE_val(macro) 0.61248  lr 1.00e-03  200.9s
  ep  64  loss 0.79150  L_gap 0.79013  L_bnd 0.01365  |  MAE_val(macro) 0.61476  lr 1.00e-03  203.0s
  ep  65  loss 0.79501  L_gap 0.79360  L_bnd 0.01402  |  MAE_val(macro) 0.61481  lr 5.00e-04  202.8s
  ep  66  loss 0.82254  L_gap 0.82138  L_bnd 0.01157  |  MAE_val(macro) 0.61004  lr 5.00e-04  206.5s
  ep  67  loss 0.79170  L_gap 0.79049  L_bnd 0.01206  |  MAE_val(macro) 0.60965  lr 5.00e-04  220.6s
  ep  68  loss 0.80051  L_gap 0.79942  L_bnd 0.01092  |  MAE_val(macro) 0.61116  lr 5.00e-04  208.2s
  ep  69  loss 0.78038  L_gap 0.77922  L_bnd 0.01162  |  MAE_val(macro) 0.61007  lr 5.00e-04  213.1s
  ep  70  loss 0.81547  L_gap 0.81432  L_bnd 0.01147  |  MAE_val(macro) 0.60692  lr 5.00e-04  214.5s
  ep  71  loss 0.77604  L_gap 0.77488  L_bnd 0.01159  |  MAE_val(macro) 0.60853  lr 5.00e-04  223.3s
  ep  72  loss 0.77266  L_gap 0.77155  L_bnd 0.01109  |  MAE_val(macro) 0.61009  lr 5.00e-04  219.7s
  ep  73  loss 0.77024  L_gap 0.76911  L_bnd 0.01138  |  MAE_val(macro) 0.60926  lr 5.00e-04  201.1s
  ep  74  loss 0.77827  L_gap 0.77715  L_bnd 0.01117  |  MAE_val(macro) 0.60857  lr 5.00e-04  203.6s
  ep  75  loss 0.81017  L_gap 0.80908  L_bnd 0.01093  |  MAE_val(macro) 0.60705  lr 5.00e-04  147.8s
  ep  76  loss 0.78880  L_gap 0.78772  L_bnd 0.01074  |  MAE_val(macro) 0.60644  lr 5.00e-04  145.6s
  ep  77  loss 0.77524  L_gap 0.77415  L_bnd 0.01086  |  MAE_val(macro) 0.60764  lr 5.00e-04  146.0s
  ep  78  loss 0.77050  L_gap 0.76939  L_bnd 0.01102  |  MAE_val(macro) 0.60709  lr 5.00e-04  147.9s
  ep  79  loss 0.79998  L_gap 0.79890  L_bnd 0.01079  |  MAE_val(macro) 0.61490  lr 5.00e-04  144.0s
  ep  80  loss 0.80674  L_gap 0.80568  L_bnd 0.01059  |  MAE_val(macro) 0.60586  lr 5.00e-04  186.8s
  ep  81  loss 0.77508  L_gap 0.77399  L_bnd 0.01087  |  MAE_val(macro) 0.60905  lr 5.00e-04  195.5s
  ep  82  loss 0.77858  L_gap 0.77746  L_bnd 0.01113  |  MAE_val(macro) 0.60821  lr 5.00e-04  213.0s
  ep  83  loss 0.80481  L_gap 0.80369  L_bnd 0.01120  |  MAE_val(macro) 0.61170  lr 5.00e-04  199.8s
  ep  84  loss 0.80837  L_gap 0.80725  L_bnd 0.01122  |  MAE_val(macro) 0.60885  lr 5.00e-04  136.6s
  ep  85  loss 0.79966  L_gap 0.79852  L_bnd 0.01133  |  MAE_val(macro) 0.60662  lr 5.00e-04  133.9s
  ep  86  loss 0.78707  L_gap 0.78595  L_bnd 0.01118  |  MAE_val(macro) 0.61022  lr 2.50e-04  152.7s
  ep  87  loss 0.76427  L_gap 0.76330  L_bnd 0.00968  |  MAE_val(macro) 0.60822  lr 2.50e-04  143.0s
  ep  88  loss 0.77732  L_gap 0.77639  L_bnd 0.00932  |  MAE_val(macro) 0.60693  lr 2.50e-04  132.3s
  ep  89  loss 0.79667  L_gap 0.79571  L_bnd 0.00958  |  MAE_val(macro) 0.60934  lr 2.50e-04  132.0s
  ep  90  loss 0.77961  L_gap 0.77861  L_bnd 0.01000  |  MAE_val(macro) 0.60645  lr 2.50e-04  150.4s
  early stopping: 10 epoch khong cai thien.
  xong: MAE_val tot nhat 0.60586 tai epoch 80/90, 237.2 phut, 158.1 s/epoch. Ghi e5_f1_lam0.1.json, e5_f1_lam0.1.pt
  > D:\nam4_ky1\AI_4_IOT\Module 5 - PROJECT\G6\train.py --id e5_f1_lam0.5 --lam 0.5 --fold 1
[e5_f1_lam0.5] device=cpu | train S[6, 7, 8, 9, 10, 11, 12, 13, 14, 15] | val S[4, 5] | lam=0.5 | lstm=True | acc=False
  nap xong: train 42407 cua so, val 9221 cua so (14s)
  ep   1  loss 1.22733  L_gap 1.18080  L_bnd 0.09307  |  MAE_val(macro) 0.74560  lr 1.00e-03  134.5s
  ep   2  loss 1.13395  L_gap 1.11933  L_bnd 0.02923  |  MAE_val(macro) 0.73173  lr 1.00e-03  137.9s
  ep   3  loss 1.00238  L_gap 0.98681  L_bnd 0.03113  |  MAE_val(macro) 0.67700  lr 1.00e-03  149.9s
  ep   4  loss 0.96096  L_gap 0.94862  L_bnd 0.02469  |  MAE_val(macro) 0.66060  lr 1.00e-03  134.0s
  ep   5  loss 0.94462  L_gap 0.93405  L_bnd 0.02115  |  MAE_val(macro) 0.65635  lr 1.00e-03  133.8s
  ep   6  loss 0.95948  L_gap 0.94933  L_bnd 0.02029  |  MAE_val(macro) 0.64888  lr 1.00e-03  149.1s
  ep   7  loss 0.92056  L_gap 0.91127  L_bnd 0.01860  |  MAE_val(macro) 0.64297  lr 1.00e-03  146.5s
  ep   8  loss 0.92372  L_gap 0.91449  L_bnd 0.01844  |  MAE_val(macro) 0.64382  lr 1.00e-03  138.1s
  ep   9  loss 0.90346  L_gap 0.89513  L_bnd 0.01664  |  MAE_val(macro) 0.64215  lr 1.00e-03  145.3s
  ep  10  loss 0.85072  L_gap 0.84281  L_bnd 0.01581  |  MAE_val(macro) 0.64208  lr 1.00e-03  145.1s
  ep  11  loss 0.86469  L_gap 0.85723  L_bnd 0.01491  |  MAE_val(macro) 0.64668  lr 1.00e-03  164.8s
  ep  12  loss 0.91498  L_gap 0.90711  L_bnd 0.01573  |  MAE_val(macro) 0.63900  lr 1.00e-03  135.5s
  ep  13  loss 0.87793  L_gap 0.87051  L_bnd 0.01483  |  MAE_val(macro) 0.63416  lr 1.00e-03  146.5s
  ep  14  loss 0.85486  L_gap 0.84804  L_bnd 0.01364  |  MAE_val(macro) 0.63565  lr 1.00e-03  140.7s
  ep  15  loss 0.87470  L_gap 0.86786  L_bnd 0.01367  |  MAE_val(macro) 0.63028  lr 1.00e-03  174.8s
  ep  16  loss 0.87364  L_gap 0.86722  L_bnd 0.01284  |  MAE_val(macro) 0.63240  lr 1.00e-03  161.8s
  ep  17  loss 0.84846  L_gap 0.84205  L_bnd 0.01282  |  MAE_val(macro) 0.63168  lr 1.00e-03  136.7s
  ep  18  loss 0.86726  L_gap 0.86086  L_bnd 0.01281  |  MAE_val(macro) 0.63518  lr 1.00e-03  149.7s
  ep  19  loss 0.87350  L_gap 0.86754  L_bnd 0.01194  |  MAE_val(macro) 0.62640  lr 1.00e-03  178.5s
  ep  20  loss 0.86490  L_gap 0.85842  L_bnd 0.01295  |  MAE_val(macro) 0.62642  lr 1.00e-03  144.9s
  ep  21  loss 0.82122  L_gap 0.81549  L_bnd 0.01144  |  MAE_val(macro) 0.62283  lr 1.00e-03  146.4s
  ep  22  loss 0.84713  L_gap 0.84161  L_bnd 0.01102  |  MAE_val(macro) 0.62912  lr 1.00e-03  148.1s
  ep  23  loss 0.83001  L_gap 0.82447  L_bnd 0.01108  |  MAE_val(macro) 0.63025  lr 1.00e-03  132.6s
  ep  24  loss 0.86026  L_gap 0.85475  L_bnd 0.01102  |  MAE_val(macro) 0.62348  lr 1.00e-03  166.2s
  ep  25  loss 0.84269  L_gap 0.83712  L_bnd 0.01114  |  MAE_val(macro) 0.62791  lr 1.00e-03  149.3s
  ep  26  loss 0.84121  L_gap 0.83561  L_bnd 0.01120  |  MAE_val(macro) 0.62927  lr 1.00e-03  149.4s
  ep  27  loss 0.83793  L_gap 0.83273  L_bnd 0.01039  |  MAE_val(macro) 0.62644  lr 5.00e-04  150.8s
  ep  28  loss 0.85067  L_gap 0.84621  L_bnd 0.00891  |  MAE_val(macro) 0.61957  lr 5.00e-04  148.7s
  ep  29  loss 0.82131  L_gap 0.81708  L_bnd 0.00846  |  MAE_val(macro) 0.61760  lr 5.00e-04  146.8s
  ep  30  loss 0.83167  L_gap 0.82750  L_bnd 0.00834  |  MAE_val(macro) 0.61756  lr 5.00e-04  148.7s
  ep  31  loss 0.82346  L_gap 0.81936  L_bnd 0.00821  |  MAE_val(macro) 0.61816  lr 5.00e-04  143.5s
  ep  32  loss 0.82098  L_gap 0.81678  L_bnd 0.00840  |  MAE_val(macro) 0.61724  lr 5.00e-04  152.4s
  ep  33  loss 0.81898  L_gap 0.81509  L_bnd 0.00779  |  MAE_val(macro) 0.61872  lr 5.00e-04  172.1s
  ep  34  loss 0.83530  L_gap 0.83127  L_bnd 0.00806  |  MAE_val(macro) 0.61459  lr 5.00e-04  166.1s
  ep  35  loss 0.83079  L_gap 0.82668  L_bnd 0.00821  |  MAE_val(macro) 0.61545  lr 5.00e-04  167.2s
  ep  36  loss 0.84408  L_gap 0.84022  L_bnd 0.00771  |  MAE_val(macro) 0.61659  lr 5.00e-04  149.5s
  ep  37  loss 0.82202  L_gap 0.81786  L_bnd 0.00831  |  MAE_val(macro) 0.61607  lr 5.00e-04  138.4s
  ep  38  loss 0.81169  L_gap 0.80793  L_bnd 0.00752  |  MAE_val(macro) 0.61502  lr 5.00e-04  143.8s
  ep  39  loss 0.80431  L_gap 0.80055  L_bnd 0.00752  |  MAE_val(macro) 0.61431  lr 5.00e-04  151.8s
  ep  40  loss 0.83321  L_gap 0.82946  L_bnd 0.00749  |  MAE_val(macro) 0.61401  lr 5.00e-04  149.1s
  ep  41  loss 0.84228  L_gap 0.83851  L_bnd 0.00754  |  MAE_val(macro) 0.61530  lr 5.00e-04  144.3s
  ep  42  loss 0.82311  L_gap 0.81930  L_bnd 0.00762  |  MAE_val(macro) 0.61778  lr 5.00e-04  144.4s
  ep  43  loss 0.79817  L_gap 0.79457  L_bnd 0.00720  |  MAE_val(macro) 0.61331  lr 5.00e-04  149.9s
  ep  44  loss 0.82304  L_gap 0.81920  L_bnd 0.00768  |  MAE_val(macro) 0.61736  lr 5.00e-04  146.2s
  ep  45  loss 0.82416  L_gap 0.82063  L_bnd 0.00706  |  MAE_val(macro) 0.61384  lr 5.00e-04  142.7s
  ep  46  loss 0.80018  L_gap 0.79654  L_bnd 0.00728  |  MAE_val(macro) 0.61335  lr 5.00e-04  149.8s
  ep  47  loss 0.77306  L_gap 0.76947  L_bnd 0.00718  |  MAE_val(macro) 0.61394  lr 5.00e-04  146.2s
  ep  48  loss 0.80523  L_gap 0.80169  L_bnd 0.00708  |  MAE_val(macro) 0.61273  lr 5.00e-04  149.1s
  ep  49  loss 0.79376  L_gap 0.79022  L_bnd 0.00710  |  MAE_val(macro) 0.61235  lr 5.00e-04  144.8s
  ep  50  loss 0.82330  L_gap 0.81976  L_bnd 0.00708  |  MAE_val(macro) 0.60988  lr 5.00e-04  148.5s
  ep  51  loss 0.81921  L_gap 0.81570  L_bnd 0.00701  |  MAE_val(macro) 0.61279  lr 5.00e-04  149.4s
  ep  52  loss 0.78394  L_gap 0.78066  L_bnd 0.00657  |  MAE_val(macro) 0.61531  lr 5.00e-04  146.3s
  ep  53  loss 0.81677  L_gap 0.81324  L_bnd 0.00708  |  MAE_val(macro) 0.61169  lr 5.00e-04  146.1s
  ep  54  loss 0.82189  L_gap 0.81843  L_bnd 0.00692  |  MAE_val(macro) 0.61382  lr 5.00e-04  139.2s
  ep  55  loss 0.82670  L_gap 0.82339  L_bnd 0.00662  |  MAE_val(macro) 0.61050  lr 5.00e-04  158.1s
  ep  56  loss 0.81583  L_gap 0.81244  L_bnd 0.00677  |  MAE_val(macro) 0.60971  lr 5.00e-04  140.8s
  ep  57  loss 0.82325  L_gap 0.81986  L_bnd 0.00677  |  MAE_val(macro) 0.60993  lr 5.00e-04  147.3s
  ep  58  loss 0.83003  L_gap 0.82653  L_bnd 0.00700  |  MAE_val(macro) 0.61003  lr 5.00e-04  155.8s
  ep  59  loss 0.79247  L_gap 0.78907  L_bnd 0.00681  |  MAE_val(macro) 0.61016  lr 5.00e-04  152.8s
  ep  60  loss 0.79584  L_gap 0.79244  L_bnd 0.00678  |  MAE_val(macro) 0.61234  lr 5.00e-04  152.3s
  ep  61  loss 0.79741  L_gap 0.79396  L_bnd 0.00690  |  MAE_val(macro) 0.61836  lr 5.00e-04  150.6s
  ep  62  loss 0.86177  L_gap 0.85808  L_bnd 0.00739  |  MAE_val(macro) 0.60774  lr 5.00e-04  145.5s
  ep  63  loss 0.76999  L_gap 0.76677  L_bnd 0.00643  |  MAE_val(macro) 0.60814  lr 5.00e-04  145.6s
  ep  64  loss 0.79568  L_gap 0.79233  L_bnd 0.00671  |  MAE_val(macro) 0.61101  lr 5.00e-04  147.6s
  ep  65  loss 0.79638  L_gap 0.79297  L_bnd 0.00683  |  MAE_val(macro) 0.60883  lr 5.00e-04  152.3s
  ep  66  loss 0.83316  L_gap 0.83000  L_bnd 0.00631  |  MAE_val(macro) 0.61156  lr 5.00e-04  148.9s
  ep  67  loss 0.80316  L_gap 0.79970  L_bnd 0.00692  |  MAE_val(macro) 0.61284  lr 5.00e-04  142.9s
  ep  68  loss 0.81315  L_gap 0.80999  L_bnd 0.00633  |  MAE_val(macro) 0.61551  lr 2.50e-04  154.5s
  ep  69  loss 0.78824  L_gap 0.78532  L_bnd 0.00585  |  MAE_val(macro) 0.60838  lr 2.50e-04  158.6s
  ep  70  loss 0.82192  L_gap 0.81904  L_bnd 0.00575  |  MAE_val(macro) 0.60557  lr 2.50e-04  84.8s
  ep  71  loss 0.78250  L_gap 0.77962  L_bnd 0.00577  |  MAE_val(macro) 0.60833  lr 2.50e-04  55.0s
  ep  72  loss 0.77936  L_gap 0.77660  L_bnd 0.00551  |  MAE_val(macro) 0.60759  lr 2.50e-04  108.0s
  ep  73  loss 0.77676  L_gap 0.77385  L_bnd 0.00583  |  MAE_val(macro) 0.60809  lr 2.50e-04  184.5s
  ep  74  loss 0.78547  L_gap 0.78266  L_bnd 0.00562  |  MAE_val(macro) 0.60687  lr 2.50e-04  152.9s
  ep  75  loss 0.81773  L_gap 0.81490  L_bnd 0.00567  |  MAE_val(macro) 0.60610  lr 2.50e-04  133.2s
  ep  76  loss 0.79491  L_gap 0.79221  L_bnd 0.00539  |  MAE_val(macro) 0.60565  lr 1.25e-04  144.7s
  ep  77  loss 0.78198  L_gap 0.77940  L_bnd 0.00517  |  MAE_val(macro) 0.60512  lr 1.25e-04  155.2s
  ep  78  loss 0.77486  L_gap 0.77230  L_bnd 0.00512  |  MAE_val(macro) 0.60604  lr 1.25e-04  144.2s
  ep  79  loss 0.80440  L_gap 0.80184  L_bnd 0.00512  |  MAE_val(macro) 0.60651  lr 1.25e-04  146.0s
  ep  80  loss 0.81078  L_gap 0.80826  L_bnd 0.00503  |  MAE_val(macro) 0.60533  lr 1.25e-04  137.8s
  ep  81  loss 0.77908  L_gap 0.77655  L_bnd 0.00505  |  MAE_val(macro) 0.60608  lr 1.25e-04  154.7s
  ep  82  loss 0.78198  L_gap 0.77949  L_bnd 0.00496  |  MAE_val(macro) 0.60658  lr 1.25e-04  135.2s
  ep  83  loss 0.81099  L_gap 0.80840  L_bnd 0.00518  |  MAE_val(macro) 0.60546  lr 6.25e-05  143.9s
  ep  84  loss 0.81115  L_gap 0.80868  L_bnd 0.00495  |  MAE_val(macro) 0.60429  lr 6.25e-05  142.7s
  ep  85  loss 0.80276  L_gap 0.80034  L_bnd 0.00484  |  MAE_val(macro) 0.60424  lr 6.25e-05  147.0s
  ep  86  loss 0.79106  L_gap 0.78860  L_bnd 0.00492  |  MAE_val(macro) 0.60563  lr 6.25e-05  145.2s
  ep  87  loss 0.77265  L_gap 0.77027  L_bnd 0.00475  |  MAE_val(macro) 0.60584  lr 6.25e-05  146.3s
  ep  88  loss 0.78512  L_gap 0.78275  L_bnd 0.00473  |  MAE_val(macro) 0.60504  lr 6.25e-05  147.1s
  ep  89  loss 0.80691  L_gap 0.80444  L_bnd 0.00494  |  MAE_val(macro) 0.60539  lr 6.25e-05  148.9s
  ep  90  loss 0.79027  L_gap 0.78779  L_bnd 0.00494  |  MAE_val(macro) 0.60508  lr 3.13e-05  144.8s
  ep  91  loss 0.77475  L_gap 0.77234  L_bnd 0.00482  |  MAE_val(macro) 0.60396  lr 3.13e-05  135.1s
  ep  92  loss 0.81578  L_gap 0.81343  L_bnd 0.00469  |  MAE_val(macro) 0.60443  lr 3.13e-05  147.3s
  ep  93  loss 0.80520  L_gap 0.80287  L_bnd 0.00468  |  MAE_val(macro) 0.60486  lr 3.13e-05  142.1s
  ep  94  loss 0.79864  L_gap 0.79623  L_bnd 0.00483  |  MAE_val(macro) 0.60439  lr 3.13e-05  140.2s
  ep  95  loss 0.78148  L_gap 0.77909  L_bnd 0.00479  |  MAE_val(macro) 0.60447  lr 3.13e-05  140.6s
  ep  96  loss 0.80892  L_gap 0.80658  L_bnd 0.00468  |  MAE_val(macro) 0.60416  lr 3.13e-05  145.1s
  ep  97  loss 0.76477  L_gap 0.76244  L_bnd 0.00466  |  MAE_val(macro) 0.60424  lr 1.56e-05  146.1s
  ep  98  loss 0.80833  L_gap 0.80594  L_bnd 0.00477  |  MAE_val(macro) 0.60422  lr 1.56e-05  143.3s
  ep  99  loss 0.77369  L_gap 0.77140  L_bnd 0.00458  |  MAE_val(macro) 0.60426  lr 1.56e-05  146.8s
  ep 100  loss 0.80003  L_gap 0.79767  L_bnd 0.00472  |  MAE_val(macro) 0.60413  lr 1.56e-05  145.2s
  xong: MAE_val tot nhat 0.60396 tai epoch 91/100, 243.4 phut, 146.1 s/epoch. Ghi e5_f1_lam0.5.json, e5_f1_lam0.5.pt
  > D:\nam4_ky1\AI_4_IOT\Module 5 - PROJECT\G6\train.py --id e5_f1_lam1 --lam 1.0 --fold 1
[e5_f1_lam1] device=cpu | train S[6, 7, 8, 9, 10, 11, 12, 13, 14, 15] | val S[4, 5] | lam=1.0 | lstm=True | acc=False
  nap xong: train 42407 cua so, val 9221 cua so (18s)
  ep   1  loss 1.26859  L_gap 1.18533  L_bnd 0.08326  |  MAE_val(macro) 0.74388  lr 1.00e-03  165.2s
  ep   2  loss 1.15069  L_gap 1.12764  L_bnd 0.02305  |  MAE_val(macro) 0.73489  lr 1.00e-03  147.4s
  ep   3  loss 1.07672  L_gap 1.05497  L_bnd 0.02176  |  MAE_val(macro) 0.70692  lr 1.00e-03  151.3s
  ep   4  loss 0.99976  L_gap 0.97941  L_bnd 0.02034  |  MAE_val(macro) 0.67927  lr 1.00e-03  148.2s
  ep   5  loss 0.96456  L_gap 0.94712  L_bnd 0.01744  |  MAE_val(macro) 0.66355  lr 1.00e-03  149.6s
  ep   6  loss 0.97588  L_gap 0.95922  L_bnd 0.01666  |  MAE_val(macro) 0.65508  lr 1.00e-03  148.7s
  ep   7  loss 0.93321  L_gap 0.91786  L_bnd 0.01535  |  MAE_val(macro) 0.64824  lr 1.00e-03  146.3s
  ep   8  loss 0.93389  L_gap 0.91886  L_bnd 0.01503  |  MAE_val(macro) 0.64439  lr 1.00e-03  148.2s
  ep   9  loss 0.91098  L_gap 0.89783  L_bnd 0.01315  |  MAE_val(macro) 0.64374  lr 1.00e-03  149.0s
  ep  10  loss 0.85883  L_gap 0.84613  L_bnd 0.01270  |  MAE_val(macro) 0.64523  lr 1.00e-03  144.7s
  ep  11  loss 0.87207  L_gap 0.85982  L_bnd 0.01225  |  MAE_val(macro) 0.65107  lr 1.00e-03  144.2s
  ep  12  loss 0.92237  L_gap 0.90980  L_bnd 0.01256  |  MAE_val(macro) 0.64320  lr 1.00e-03  153.3s
  ep  13  loss 0.88589  L_gap 0.87395  L_bnd 0.01193  |  MAE_val(macro) 0.63509  lr 1.00e-03  152.2s
  ep  14  loss 0.86255  L_gap 0.85178  L_bnd 0.01078  |  MAE_val(macro) 0.63805  lr 1.00e-03  145.3s
  ep  15  loss 0.88182  L_gap 0.87117  L_bnd 0.01065  |  MAE_val(macro) 0.63326  lr 1.00e-03  147.8s
  ep  16  loss 0.88160  L_gap 0.87153  L_bnd 0.01007  |  MAE_val(macro) 0.63298  lr 1.00e-03  149.0s
  ep  17  loss 0.85642  L_gap 0.84620  L_bnd 0.01022  |  MAE_val(macro) 0.63444  lr 1.00e-03  145.1s
  ep  18  loss 0.87363  L_gap 0.86388  L_bnd 0.00975  |  MAE_val(macro) 0.63596  lr 1.00e-03  143.9s
  ep  19  loss 0.88034  L_gap 0.87082  L_bnd 0.00952  |  MAE_val(macro) 0.62944  lr 1.00e-03  139.1s
  ep  20  loss 0.87026  L_gap 0.86052  L_bnd 0.00974  |  MAE_val(macro) 0.62773  lr 1.00e-03  155.0s
  ep  21  loss 0.82761  L_gap 0.81872  L_bnd 0.00889  |  MAE_val(macro) 0.62808  lr 1.00e-03  143.0s
  ep  22  loss 0.85512  L_gap 0.84595  L_bnd 0.00918  |  MAE_val(macro) 0.62928  lr 1.00e-03  158.5s
  ep  23  loss 0.83497  L_gap 0.82633  L_bnd 0.00863  |  MAE_val(macro) 0.62930  lr 1.00e-03  142.7s
  ep  24  loss 0.86300  L_gap 0.85436  L_bnd 0.00864  |  MAE_val(macro) 0.62590  lr 1.00e-03  150.8s
  ep  25  loss 0.84754  L_gap 0.83835  L_bnd 0.00919  |  MAE_val(macro) 0.62405  lr 1.00e-03  146.5s
  ep  26  loss 0.84680  L_gap 0.83791  L_bnd 0.00890  |  MAE_val(macro) 0.62665  lr 1.00e-03  160.4s
  ep  27  loss 0.84241  L_gap 0.83444  L_bnd 0.00797  |  MAE_val(macro) 0.62698  lr 1.00e-03  155.8s
  ep  28  loss 0.86331  L_gap 0.85476  L_bnd 0.00855  |  MAE_val(macro) 0.62613  lr 1.00e-03  157.4s
  ep  29  loss 0.83305  L_gap 0.82490  L_bnd 0.00814  |  MAE_val(macro) 0.62132  lr 1.00e-03  147.7s
  ep  30  loss 0.84308  L_gap 0.83530  L_bnd 0.00779  |  MAE_val(macro) 0.61931  lr 1.00e-03  159.4s
  ep  31  loss 0.83387  L_gap 0.82621  L_bnd 0.00766  |  MAE_val(macro) 0.62179  lr 1.00e-03  154.2s
  ep  32  loss 0.83011  L_gap 0.82201  L_bnd 0.00810  |  MAE_val(macro) 0.62151  lr 1.00e-03  147.1s
  ep  33  loss 0.83028  L_gap 0.82262  L_bnd 0.00767  |  MAE_val(macro) 0.62128  lr 1.00e-03  140.4s
  ep  34  loss 0.84310  L_gap 0.83571  L_bnd 0.00739  |  MAE_val(macro) 0.62173  lr 1.00e-03  146.3s
  ep  35  loss 0.84029  L_gap 0.83245  L_bnd 0.00784  |  MAE_val(macro) 0.61908  lr 1.00e-03  150.7s
  ep  36  loss 0.85478  L_gap 0.84728  L_bnd 0.00750  |  MAE_val(macro) 0.61774  lr 1.00e-03  135.8s
  ep  37  loss 0.82892  L_gap 0.82148  L_bnd 0.00744  |  MAE_val(macro) 0.62058  lr 1.00e-03  150.0s
  ep  38  loss 0.82057  L_gap 0.81357  L_bnd 0.00700  |  MAE_val(macro) 0.61546  lr 1.00e-03  140.4s
  ep  39  loss 0.81288  L_gap 0.80575  L_bnd 0.00713  |  MAE_val(macro) 0.62050  lr 1.00e-03  148.1s
  ep  40  loss 0.84148  L_gap 0.83441  L_bnd 0.00707  |  MAE_val(macro) 0.62141  lr 1.00e-03  162.7s
  ep  41  loss 0.84871  L_gap 0.84178  L_bnd 0.00693  |  MAE_val(macro) 0.61571  lr 1.00e-03  139.9s
  ep  42  loss 0.83092  L_gap 0.82367  L_bnd 0.00724  |  MAE_val(macro) 0.61791  lr 1.00e-03  136.6s
  ep  43  loss 0.80438  L_gap 0.79777  L_bnd 0.00661  |  MAE_val(macro) 0.61939  lr 1.00e-03  135.7s
  ep  44  loss 0.82779  L_gap 0.82075  L_bnd 0.00705  |  MAE_val(macro) 0.61469  lr 1.00e-03  91.2s
  ep  45  loss 0.83044  L_gap 0.82390  L_bnd 0.00654  |  MAE_val(macro) 0.61167  lr 1.00e-03  160.9s
  ep  46  loss 0.80422  L_gap 0.79752  L_bnd 0.00670  |  MAE_val(macro) 0.61330  lr 1.00e-03  160.0s
  ep  47  loss 0.77816  L_gap 0.77165  L_bnd 0.00651  |  MAE_val(macro) 0.61419  lr 1.00e-03  160.3s
  ep  48  loss 0.81253  L_gap 0.80605  L_bnd 0.00648  |  MAE_val(macro) 0.61421  lr 1.00e-03  152.0s
  ep  49  loss 0.79647  L_gap 0.79013  L_bnd 0.00634  |  MAE_val(macro) 0.61295  lr 1.00e-03  154.9s
  ep  50  loss 0.82735  L_gap 0.82119  L_bnd 0.00616  |  MAE_val(macro) 0.61144  lr 1.00e-03  154.2s
  ep  51  loss 0.82395  L_gap 0.81765  L_bnd 0.00631  |  MAE_val(macro) 0.61441  lr 1.00e-03  143.3s
  ep  52  loss 0.78705  L_gap 0.78132  L_bnd 0.00573  |  MAE_val(macro) 0.61269  lr 1.00e-03  158.5s
  ep  53  loss 0.81920  L_gap 0.81289  L_bnd 0.00631  |  MAE_val(macro) 0.61143  lr 1.00e-03  148.0s
  ep  54  loss 0.82636  L_gap 0.81994  L_bnd 0.00642  |  MAE_val(macro) 0.61369  lr 1.00e-03  154.4s
  ep  55  loss 0.83078  L_gap 0.82474  L_bnd 0.00604  |  MAE_val(macro) 0.61436  lr 1.00e-03  151.3s
  ep  56  loss 0.81897  L_gap 0.81281  L_bnd 0.00616  |  MAE_val(macro) 0.60979  lr 1.00e-03  148.9s
  ep  57  loss 0.82623  L_gap 0.82022  L_bnd 0.00601  |  MAE_val(macro) 0.60990  lr 1.00e-03  155.2s
  ep  58  loss 0.83265  L_gap 0.82645  L_bnd 0.00620  |  MAE_val(macro) 0.61261  lr 1.00e-03  151.3s
  ep  59  loss 0.79537  L_gap 0.78933  L_bnd 0.00604  |  MAE_val(macro) 0.60744  lr 1.00e-03  147.4s
  ep  60  loss 0.79733  L_gap 0.79157  L_bnd 0.00576  |  MAE_val(macro) 0.60999  lr 1.00e-03  153.9s
  ep  61  loss 0.79690  L_gap 0.79112  L_bnd 0.00578  |  MAE_val(macro) 0.61700  lr 1.00e-03  130.1s
  ep  62  loss 0.86552  L_gap 0.85893  L_bnd 0.00659  |  MAE_val(macro) 0.60764  lr 1.00e-03  120.3s
  ep  63  loss 0.76945  L_gap 0.76385  L_bnd 0.00560  |  MAE_val(macro) 0.60756  lr 1.00e-03  114.9s
  ep  64  loss 0.79545  L_gap 0.78979  L_bnd 0.00567  |  MAE_val(macro) 0.60936  lr 1.00e-03  127.2s
  ep  65  loss 0.79994  L_gap 0.79390  L_bnd 0.00604  |  MAE_val(macro) 0.61117  lr 5.00e-04  155.0s
  ep  66  loss 0.82599  L_gap 0.82134  L_bnd 0.00465  |  MAE_val(macro) 0.60649  lr 5.00e-04  152.2s
  ep  67  loss 0.79490  L_gap 0.78995  L_bnd 0.00495  |  MAE_val(macro) 0.60705  lr 5.00e-04  161.1s
  ep  68  loss 0.80624  L_gap 0.80160  L_bnd 0.00464  |  MAE_val(macro) 0.60969  lr 5.00e-04  165.1s
  ep  69  loss 0.78401  L_gap 0.77920  L_bnd 0.00481  |  MAE_val(macro) 0.60558  lr 5.00e-04  167.8s
  ep  70  loss 0.81846  L_gap 0.81368  L_bnd 0.00478  |  MAE_val(macro) 0.60452  lr 5.00e-04  166.0s
  ep  71  loss 0.77969  L_gap 0.77492  L_bnd 0.00477  |  MAE_val(macro) 0.60478  lr 5.00e-04  115.3s
  ep  72  loss 0.77613  L_gap 0.77160  L_bnd 0.00453  |  MAE_val(macro) 0.60520  lr 5.00e-04  115.0s
  ep  73  loss 0.77353  L_gap 0.76884  L_bnd 0.00469  |  MAE_val(macro) 0.60491  lr 5.00e-04  113.8s
  ep  74  loss 0.78239  L_gap 0.77779  L_bnd 0.00461  |  MAE_val(macro) 0.60654  lr 5.00e-04  108.7s
  ep  75  loss 0.81379  L_gap 0.80905  L_bnd 0.00474  |  MAE_val(macro) 0.60438  lr 5.00e-04  106.4s
  ep  76  loss 0.79153  L_gap 0.78700  L_bnd 0.00453  |  MAE_val(macro) 0.60389  lr 5.00e-04  106.6s
  ep  77  loss 0.77925  L_gap 0.77475  L_bnd 0.00450  |  MAE_val(macro) 0.60389  lr 5.00e-04  105.6s
  ep  78  loss 0.77383  L_gap 0.76922  L_bnd 0.00461  |  MAE_val(macro) 0.60463  lr 5.00e-04  106.4s
  ep  79  loss 0.80336  L_gap 0.79870  L_bnd 0.00467  |  MAE_val(macro) 0.60883  lr 5.00e-04  105.7s
  ep  80  loss 0.80982  L_gap 0.80537  L_bnd 0.00445  |  MAE_val(macro) 0.60218  lr 5.00e-04  105.0s
  ep  81  loss 0.77895  L_gap 0.77421  L_bnd 0.00474  |  MAE_val(macro) 0.60505  lr 5.00e-04  110.1s
  ep  82  loss 0.78040  L_gap 0.77580  L_bnd 0.00460  |  MAE_val(macro) 0.60492  lr 5.00e-04  107.4s
  ep  83  loss 0.80899  L_gap 0.80426  L_bnd 0.00473  |  MAE_val(macro) 0.60666  lr 5.00e-04  111.3s
  ep  84  loss 0.81179  L_gap 0.80721  L_bnd 0.00457  |  MAE_val(macro) 0.60481  lr 5.00e-04  105.7s
  ep  85  loss 0.80246  L_gap 0.79798  L_bnd 0.00448  |  MAE_val(macro) 0.60188  lr 5.00e-04  106.0s
  ep  86  loss 0.79116  L_gap 0.78652  L_bnd 0.00464  |  MAE_val(macro) 0.60415  lr 5.00e-04  106.6s
  ep  87  loss 0.77194  L_gap 0.76766  L_bnd 0.00429  |  MAE_val(macro) 0.60503  lr 5.00e-04  107.0s
  ep  88  loss 0.78462  L_gap 0.78018  L_bnd 0.00445  |  MAE_val(macro) 0.60577  lr 5.00e-04  105.3s
  ep  89  loss 0.80724  L_gap 0.80261  L_bnd 0.00463  |  MAE_val(macro) 0.60756  lr 5.00e-04  105.6s
  ep  90  loss 0.79046  L_gap 0.78567  L_bnd 0.00479  |  MAE_val(macro) 0.61109  lr 5.00e-04  104.6s
  ep  91  loss 0.77588  L_gap 0.77115  L_bnd 0.00473  |  MAE_val(macro) 0.60234  lr 2.50e-04  104.5s
  ep  92  loss 0.80977  L_gap 0.80585  L_bnd 0.00392  |  MAE_val(macro) 0.60044  lr 2.50e-04  106.0s
  ep  93  loss 0.80077  L_gap 0.79693  L_bnd 0.00384  |  MAE_val(macro) 0.60036  lr 2.50e-04  105.6s
  ep  94  loss 0.79122  L_gap 0.78737  L_bnd 0.00385  |  MAE_val(macro) 0.60089  lr 2.50e-04  106.8s
  ep  95  loss 0.77487  L_gap 0.77108  L_bnd 0.00379  |  MAE_val(macro) 0.60165  lr 2.50e-04  105.3s
  ep  96  loss 0.80345  L_gap 0.79956  L_bnd 0.00389  |  MAE_val(macro) 0.60062  lr 2.50e-04  104.8s
  ep  97  loss 0.75687  L_gap 0.75311  L_bnd 0.00376  |  MAE_val(macro) 0.60202  lr 2.50e-04  109.6s
  ep  98  loss 0.80213  L_gap 0.79835  L_bnd 0.00379  |  MAE_val(macro) 0.59956  lr 2.50e-04  107.4s
  ep  99  loss 0.76625  L_gap 0.76250  L_bnd 0.00375  |  MAE_val(macro) 0.60271  lr 2.50e-04  105.7s
  ep 100  loss 0.79364  L_gap 0.78981  L_bnd 0.00383  |  MAE_val(macro) 0.60228  lr 2.50e-04  105.6s
  xong: MAE_val tot nhat 0.59956 tai epoch 98/100, 226.9 phut, 136.1 s/epoch. Ghi e5_f1_lam1.json, e5_f1_lam1.pt
  fold 1: tot nhat e5_f1_lam1 {'e5_f1_lam0': 0.60793, 'e5_f1_lam0.1': 0.60586, 'e5_f1_lam0.5': 0.60396, 'e5_f1_lam1': 0.59956}
  > D:\nam4_ky1\AI_4_IOT\Module 5 - PROJECT\G6\train.py --id e5_f2_lam0 --lam 0.0 --fold 2
[e5_f2_lam0] device=cpu | train S[1, 2, 3, 9, 10, 11, 12, 13, 14, 15] | val S[7, 8] | lam=0.0 | lstm=True | acc=False
  nap xong: train 44149 cua so, val 8705 cua so (7s)
  ep   1  loss 1.12271  L_gap 1.12271  L_bnd 0.15317  |  MAE_val(macro) 0.67497  lr 1.00e-03  108.0s
  ep   2  loss 0.94944  L_gap 0.94944  L_bnd 0.06856  |  MAE_val(macro) 0.63245  lr 1.00e-03  109.0s
  ep   3  loss 0.93797  L_gap 0.93797  L_bnd 0.05631  |  MAE_val(macro) 0.62660  lr 1.00e-03  110.6s
  ep   4  loss 0.89645  L_gap 0.89645  L_bnd 0.05126  |  MAE_val(macro) 0.61198  lr 1.00e-03  109.3s
  ep   5  loss 0.88012  L_gap 0.88012  L_bnd 0.04699  |  MAE_val(macro) 0.60248  lr 1.00e-03  110.9s
  ep   6  loss 0.88871  L_gap 0.88871  L_bnd 0.04318  |  MAE_val(macro) 0.60062  lr 1.00e-03  110.9s
  ep   7  loss 0.86078  L_gap 0.86078  L_bnd 0.04127  |  MAE_val(macro) 0.61210  lr 1.00e-03  107.8s
  ep   8  loss 0.86349  L_gap 0.86349  L_bnd 0.03911  |  MAE_val(macro) 0.59803  lr 1.00e-03  110.0s
  ep   9  loss 0.85297  L_gap 0.85297  L_bnd 0.03767  |  MAE_val(macro) 0.59030  lr 1.00e-03  111.7s
  ep  10  loss 0.84851  L_gap 0.84851  L_bnd 0.03616  |  MAE_val(macro) 0.58537  lr 1.00e-03  109.7s
  ep  11  loss 0.83675  L_gap 0.83675  L_bnd 0.03497  |  MAE_val(macro) 0.58615  lr 1.00e-03  108.3s
  ep  12  loss 0.84665  L_gap 0.84665  L_bnd 0.03535  |  MAE_val(macro) 0.58123  lr 1.00e-03  109.8s
  ep  13  loss 0.83363  L_gap 0.83363  L_bnd 0.03383  |  MAE_val(macro) 0.58302  lr 1.00e-03  108.7s
  ep  14  loss 0.82750  L_gap 0.82750  L_bnd 0.03195  |  MAE_val(macro) 0.57670  lr 1.00e-03  112.1s
  ep  15  loss 0.82697  L_gap 0.82697  L_bnd 0.03217  |  MAE_val(macro) 0.58361  lr 1.00e-03  110.2s
  ep  16  loss 0.83363  L_gap 0.83363  L_bnd 0.03115  |  MAE_val(macro) 0.57424  lr 1.00e-03  109.4s
  ep  17  loss 0.82975  L_gap 0.82975  L_bnd 0.03221  |  MAE_val(macro) 0.57834  lr 1.00e-03  110.3s
  ep  18  loss 0.83375  L_gap 0.83375  L_bnd 0.03045  |  MAE_val(macro) 0.57189  lr 1.00e-03  109.3s
  ep  19  loss 0.84896  L_gap 0.84896  L_bnd 0.03034  |  MAE_val(macro) 0.56999  lr 1.00e-03  109.8s
  ep  20  loss 0.84165  L_gap 0.84165  L_bnd 0.03051  |  MAE_val(macro) 0.58149  lr 1.00e-03  111.0s
  ep  21  loss 0.83673  L_gap 0.83673  L_bnd 0.03071  |  MAE_val(macro) 0.57678  lr 1.00e-03  109.7s
  ep  22  loss 0.82785  L_gap 0.82785  L_bnd 0.02862  |  MAE_val(macro) 0.57268  lr 1.00e-03  109.2s
  ep  23  loss 0.84725  L_gap 0.84725  L_bnd 0.02815  |  MAE_val(macro) 0.56732  lr 1.00e-03  109.6s
  ep  24  loss 0.80502  L_gap 0.80502  L_bnd 0.02688  |  MAE_val(macro) 0.56701  lr 1.00e-03  109.0s
  ep  25  loss 0.81114  L_gap 0.81114  L_bnd 0.02749  |  MAE_val(macro) 0.56798  lr 1.00e-03  110.6s
  ep  26  loss 0.81362  L_gap 0.81362  L_bnd 0.02829  |  MAE_val(macro) 0.56654  lr 1.00e-03  110.2s
  ep  27  loss 0.80387  L_gap 0.80387  L_bnd 0.02733  |  MAE_val(macro) 0.56817  lr 1.00e-03  113.1s
  ep  28  loss 0.81483  L_gap 0.81483  L_bnd 0.02746  |  MAE_val(macro) 0.56339  lr 1.00e-03  109.8s
  ep  29  loss 0.81082  L_gap 0.81082  L_bnd 0.02707  |  MAE_val(macro) 0.56254  lr 1.00e-03  109.3s
  ep  30  loss 0.78741  L_gap 0.78741  L_bnd 0.02525  |  MAE_val(macro) 0.56628  lr 1.00e-03  110.0s
  ep  31  loss 0.78001  L_gap 0.78001  L_bnd 0.02547  |  MAE_val(macro) 0.56732  lr 1.00e-03  111.1s
  ep  32  loss 0.79907  L_gap 0.79907  L_bnd 0.02530  |  MAE_val(macro) 0.56345  lr 1.00e-03  108.5s
  ep  33  loss 0.80968  L_gap 0.80968  L_bnd 0.02490  |  MAE_val(macro) 0.56353  lr 1.00e-03  107.8s
  ep  34  loss 0.78883  L_gap 0.78883  L_bnd 0.02412  |  MAE_val(macro) 0.55996  lr 1.00e-03  110.2s
  ep  35  loss 0.77480  L_gap 0.77480  L_bnd 0.02467  |  MAE_val(macro) 0.56178  lr 1.00e-03  109.4s
  ep  36  loss 0.79671  L_gap 0.79671  L_bnd 0.02483  |  MAE_val(macro) 0.56226  lr 1.00e-03  111.0s
  ep  37  loss 0.77142  L_gap 0.77142  L_bnd 0.02458  |  MAE_val(macro) 0.56348  lr 1.00e-03  109.0s
  ep  38  loss 0.78086  L_gap 0.78086  L_bnd 0.02463  |  MAE_val(macro) 0.56411  lr 1.00e-03  108.4s
  ep  39  loss 0.80416  L_gap 0.80416  L_bnd 0.02374  |  MAE_val(macro) 0.56231  lr 1.00e-03  110.0s
  ep  40  loss 0.77595  L_gap 0.77595  L_bnd 0.02354  |  MAE_val(macro) 0.55662  lr 1.00e-03  109.7s
  ep  41  loss 0.78374  L_gap 0.78374  L_bnd 0.02335  |  MAE_val(macro) 0.55676  lr 1.00e-03  108.6s
  ep  42  loss 0.78846  L_gap 0.78846  L_bnd 0.02338  |  MAE_val(macro) 0.56117  lr 1.00e-03  110.9s
  ep  43  loss 0.78998  L_gap 0.78998  L_bnd 0.02366  |  MAE_val(macro) 0.55984  lr 1.00e-03  109.3s
  ep  44  loss 0.80472  L_gap 0.80472  L_bnd 0.02335  |  MAE_val(macro) 0.55667  lr 1.00e-03  109.2s
  ep  45  loss 0.79095  L_gap 0.79095  L_bnd 0.02233  |  MAE_val(macro) 0.55841  lr 1.00e-03  108.3s
  ep  46  loss 0.79368  L_gap 0.79368  L_bnd 0.02260  |  MAE_val(macro) 0.55894  lr 5.00e-04  109.7s
  ep  47  loss 0.77405  L_gap 0.77405  L_bnd 0.01987  |  MAE_val(macro) 0.55324  lr 5.00e-04  110.6s
  ep  48  loss 0.78822  L_gap 0.78822  L_bnd 0.02010  |  MAE_val(macro) 0.55333  lr 5.00e-04  109.7s
  ep  49  loss 0.77073  L_gap 0.77073  L_bnd 0.01957  |  MAE_val(macro) 0.55598  lr 5.00e-04  109.4s
  ep  50  loss 0.76440  L_gap 0.76440  L_bnd 0.02006  |  MAE_val(macro) 0.55219  lr 5.00e-04  108.6s
  ep  51  loss 0.76364  L_gap 0.76364  L_bnd 0.02016  |  MAE_val(macro) 0.54892  lr 5.00e-04  109.3s
  ep  52  loss 0.79313  L_gap 0.79313  L_bnd 0.01916  |  MAE_val(macro) 0.55099  lr 5.00e-04  108.8s
  ep  53  loss 0.77025  L_gap 0.77025  L_bnd 0.01998  |  MAE_val(macro) 0.55125  lr 5.00e-04  110.8s
  ep  54  loss 0.78897  L_gap 0.78897  L_bnd 0.02030  |  MAE_val(macro) 0.55010  lr 5.00e-04  109.5s
  ep  55  loss 0.78244  L_gap 0.78244  L_bnd 0.01930  |  MAE_val(macro) 0.55179  lr 5.00e-04  109.5s
  ep  56  loss 0.77891  L_gap 0.77891  L_bnd 0.01916  |  MAE_val(macro) 0.55148  lr 5.00e-04  109.7s
  ep  57  loss 0.79445  L_gap 0.79445  L_bnd 0.01974  |  MAE_val(macro) 0.54860  lr 5.00e-04  109.7s
  ep  58  loss 0.77662  L_gap 0.77662  L_bnd 0.01948  |  MAE_val(macro) 0.55119  lr 5.00e-04  110.4s
  ep  59  loss 0.78542  L_gap 0.78542  L_bnd 0.01923  |  MAE_val(macro) 0.54873  lr 5.00e-04  107.4s
  ep  60  loss 0.78931  L_gap 0.78931  L_bnd 0.01945  |  MAE_val(macro) 0.54815  lr 5.00e-04  111.3s
  ep  61  loss 0.76140  L_gap 0.76140  L_bnd 0.01917  |  MAE_val(macro) 0.55124  lr 5.00e-04  113.2s
  ep  62  loss 0.75024  L_gap 0.75024  L_bnd 0.01885  |  MAE_val(macro) 0.55201  lr 5.00e-04  116.9s
  ep  63  loss 0.76669  L_gap 0.76669  L_bnd 0.01825  |  MAE_val(macro) 0.55021  lr 5.00e-04  118.4s
  ep  64  loss 0.76046  L_gap 0.76046  L_bnd 0.01806  |  MAE_val(macro) 0.54952  lr 5.00e-04  113.3s
  ep  65  loss 0.76032  L_gap 0.76032  L_bnd 0.01844  |  MAE_val(macro) 0.54994  lr 5.00e-04  109.2s
  ep  66  loss 0.78532  L_gap 0.78532  L_bnd 0.01904  |  MAE_val(macro) 0.54947  lr 2.50e-04  108.8s
  ep  67  loss 0.76785  L_gap 0.76785  L_bnd 0.01745  |  MAE_val(macro) 0.54787  lr 2.50e-04  109.2s
  ep  68  loss 0.75315  L_gap 0.75315  L_bnd 0.01683  |  MAE_val(macro) 0.54509  lr 2.50e-04  108.4s
  ep  69  loss 0.79025  L_gap 0.79025  L_bnd 0.01662  |  MAE_val(macro) 0.54598  lr 2.50e-04  110.8s
  ep  70  loss 0.77331  L_gap 0.77331  L_bnd 0.01699  |  MAE_val(macro) 0.54742  lr 2.50e-04  109.7s
  ep  71  loss 0.74925  L_gap 0.74925  L_bnd 0.01738  |  MAE_val(macro) 0.54671  lr 2.50e-04  109.7s
  ep  72  loss 0.77783  L_gap 0.77783  L_bnd 0.01684  |  MAE_val(macro) 0.54441  lr 2.50e-04  109.8s
  ep  73  loss 0.78757  L_gap 0.78757  L_bnd 0.01711  |  MAE_val(macro) 0.54637  lr 2.50e-04  108.8s
  ep  74  loss 0.75326  L_gap 0.75326  L_bnd 0.01739  |  MAE_val(macro) 0.54389  lr 2.50e-04  111.2s
  ep  75  loss 0.76588  L_gap 0.76588  L_bnd 0.01762  |  MAE_val(macro) 0.54594  lr 2.50e-04  108.6s
  ep  76  loss 0.77574  L_gap 0.77574  L_bnd 0.01737  |  MAE_val(macro) 0.54440  lr 2.50e-04  109.2s
  ep  77  loss 0.74961  L_gap 0.74961  L_bnd 0.01673  |  MAE_val(macro) 0.54491  lr 2.50e-04  109.2s
  ep  78  loss 0.76402  L_gap 0.76402  L_bnd 0.01675  |  MAE_val(macro) 0.54477  lr 2.50e-04  109.1s
  ep  79  loss 0.74685  L_gap 0.74685  L_bnd 0.01665  |  MAE_val(macro) 0.54522  lr 2.50e-04  109.4s
  ep  80  loss 0.75035  L_gap 0.75035  L_bnd 0.01631  |  MAE_val(macro) 0.54443  lr 1.25e-04  110.9s
  ep  81  loss 0.76641  L_gap 0.76641  L_bnd 0.01604  |  MAE_val(macro) 0.54457  lr 1.25e-04  110.2s
  ep  82  loss 0.76189  L_gap 0.76189  L_bnd 0.01600  |  MAE_val(macro) 0.54379  lr 1.25e-04  110.5s
  ep  83  loss 0.76693  L_gap 0.76693  L_bnd 0.01613  |  MAE_val(macro) 0.54378  lr 1.25e-04  110.7s
  ep  84  loss 0.76781  L_gap 0.76781  L_bnd 0.01620  |  MAE_val(macro) 0.54458  lr 1.25e-04  109.1s
  ep  85  loss 0.75054  L_gap 0.75054  L_bnd 0.01584  |  MAE_val(macro) 0.54356  lr 1.25e-04  110.5s
  ep  86  loss 0.75462  L_gap 0.75462  L_bnd 0.01614  |  MAE_val(macro) 0.54338  lr 1.25e-04  110.1s
  ep  87  loss 0.75145  L_gap 0.75145  L_bnd 0.01608  |  MAE_val(macro) 0.54451  lr 1.25e-04  112.9s
  ep  88  loss 0.74856  L_gap 0.74856  L_bnd 0.01606  |  MAE_val(macro) 0.54363  lr 1.25e-04  110.4s
  ep  89  loss 0.76409  L_gap 0.76409  L_bnd 0.01639  |  MAE_val(macro) 0.54526  lr 1.25e-04  109.8s
  ep  90  loss 0.74753  L_gap 0.74753  L_bnd 0.01571  |  MAE_val(macro) 0.54324  lr 1.25e-04  108.7s
  ep  91  loss 0.74382  L_gap 0.74382  L_bnd 0.01593  |  MAE_val(macro) 0.54290  lr 1.25e-04  112.2s
  ep  92  loss 0.74786  L_gap 0.74786  L_bnd 0.01603  |  MAE_val(macro) 0.54389  lr 1.25e-04  109.6s
  ep  93  loss 0.75982  L_gap 0.75982  L_bnd 0.01567  |  MAE_val(macro) 0.54319  lr 1.25e-04  108.4s
  ep  94  loss 0.77610  L_gap 0.77610  L_bnd 0.01606  |  MAE_val(macro) 0.54339  lr 1.25e-04  109.8s
  ep  95  loss 0.76828  L_gap 0.76828  L_bnd 0.01575  |  MAE_val(macro) 0.54312  lr 1.25e-04  109.6s
  ep  96  loss 0.77206  L_gap 0.77206  L_bnd 0.01616  |  MAE_val(macro) 0.54319  lr 1.25e-04  113.0s
  ep  97  loss 0.76399  L_gap 0.76399  L_bnd 0.01591  |  MAE_val(macro) 0.54451  lr 6.25e-05  111.5s
  ep  98  loss 0.74291  L_gap 0.74291  L_bnd 0.01605  |  MAE_val(macro) 0.54240  lr 6.25e-05  109.0s
  ep  99  loss 0.74860  L_gap 0.74860  L_bnd 0.01567  |  MAE_val(macro) 0.54282  lr 6.25e-05  108.9s
  ep 100  loss 0.74236  L_gap 0.74236  L_bnd 0.01556  |  MAE_val(macro) 0.54231  lr 6.25e-05  110.0s
  xong: MAE_val tot nhat 0.54231 tai epoch 100/100, 183.4 phut, 110.0 s/epoch. Ghi e5_f2_lam0.json, e5_f2_lam0.pt
  > D:\nam4_ky1\AI_4_IOT\Module 5 - PROJECT\G6\train.py --id e5_f2_lam0.1 --lam 0.1 --fold 2
[e5_f2_lam0.1] device=cpu | train S[1, 2, 3, 9, 10, 11, 12, 13, 14, 15] | val S[7, 8] | lam=0.1 | lstm=True | acc=False
  nap xong: train 44149 cua so, val 8705 cua so (11s)
  ep   1  loss 1.13345  L_gap 1.12054  L_bnd 0.12915  |  MAE_val(macro) 0.67566  lr 1.00e-03  109.2s
  ep   2  loss 0.95637  L_gap 0.95127  L_bnd 0.05101  |  MAE_val(macro) 0.63314  lr 1.00e-03  107.9s
  ep   3  loss 0.94358  L_gap 0.93928  L_bnd 0.04300  |  MAE_val(macro) 0.61982  lr 1.00e-03  107.7s
  ep   4  loss 0.89785  L_gap 0.89402  L_bnd 0.03829  |  MAE_val(macro) 0.60752  lr 1.00e-03  109.5s
  ep   5  loss 0.88180  L_gap 0.87826  L_bnd 0.03539  |  MAE_val(macro) 0.60491  lr 1.00e-03  110.2s
  ep   6  loss 0.89110  L_gap 0.88791  L_bnd 0.03195  |  MAE_val(macro) 0.59726  lr 1.00e-03  109.6s
  ep   7  loss 0.86255  L_gap 0.85963  L_bnd 0.02919  |  MAE_val(macro) 0.60308  lr 1.00e-03  110.0s
  ep   8  loss 0.86482  L_gap 0.86201  L_bnd 0.02810  |  MAE_val(macro) 0.59955  lr 1.00e-03  111.1s
  ep   9  loss 0.85655  L_gap 0.85384  L_bnd 0.02708  |  MAE_val(macro) 0.59204  lr 1.00e-03  110.0s
  ep  10  loss 0.85243  L_gap 0.84987  L_bnd 0.02566  |  MAE_val(macro) 0.58683  lr 1.00e-03  119.5s
  ep  11  loss 0.84024  L_gap 0.83780  L_bnd 0.02443  |  MAE_val(macro) 0.58415  lr 1.00e-03  108.2s
  ep  12  loss 0.84926  L_gap 0.84682  L_bnd 0.02446  |  MAE_val(macro) 0.58211  lr 1.00e-03  112.4s
  ep  13  loss 0.83610  L_gap 0.83372  L_bnd 0.02374  |  MAE_val(macro) 0.58410  lr 1.00e-03  109.6s
  ep  14  loss 0.83088  L_gap 0.82867  L_bnd 0.02215  |  MAE_val(macro) 0.57800  lr 1.00e-03  109.3s
  ep  15  loss 0.83036  L_gap 0.82817  L_bnd 0.02187  |  MAE_val(macro) 0.57928  lr 1.00e-03  110.6s
  ep  16  loss 0.83574  L_gap 0.83365  L_bnd 0.02096  |  MAE_val(macro) 0.57394  lr 1.00e-03  110.0s
  ep  17  loss 0.83279  L_gap 0.83065  L_bnd 0.02142  |  MAE_val(macro) 0.57902  lr 1.00e-03  109.5s
  ep  18  loss 0.83656  L_gap 0.83447  L_bnd 0.02093  |  MAE_val(macro) 0.57268  lr 1.00e-03  112.1s
  ep  19  loss 0.85254  L_gap 0.85047  L_bnd 0.02068  |  MAE_val(macro) 0.57688  lr 1.00e-03  108.8s
  ep  20  loss 0.84447  L_gap 0.84244  L_bnd 0.02025  |  MAE_val(macro) 0.57562  lr 1.00e-03  109.5s
  ep  21  loss 0.84088  L_gap 0.83885  L_bnd 0.02033  |  MAE_val(macro) 0.57338  lr 1.00e-03  111.4s
  ep  22  loss 0.83033  L_gap 0.82844  L_bnd 0.01891  |  MAE_val(macro) 0.57500  lr 1.00e-03  108.6s
  ep  23  loss 0.84938  L_gap 0.84755  L_bnd 0.01833  |  MAE_val(macro) 0.56620  lr 1.00e-03  114.0s
  ep  24  loss 0.80801  L_gap 0.80624  L_bnd 0.01765  |  MAE_val(macro) 0.56915  lr 1.00e-03  114.1s
  ep  25  loss 0.81360  L_gap 0.81179  L_bnd 0.01804  |  MAE_val(macro) 0.56780  lr 1.00e-03  133.2s
  ep  26  loss 0.81612  L_gap 0.81429  L_bnd 0.01831  |  MAE_val(macro) 0.56720  lr 1.00e-03  111.2s
  ep  27  loss 0.80698  L_gap 0.80522  L_bnd 0.01763  |  MAE_val(macro) 0.56491  lr 1.00e-03  109.6s
  ep  28  loss 0.81839  L_gap 0.81660  L_bnd 0.01788  |  MAE_val(macro) 0.56506  lr 1.00e-03  110.2s
  ep  29  loss 0.81359  L_gap 0.81190  L_bnd 0.01694  |  MAE_val(macro) 0.56306  lr 1.00e-03  110.0s
  ep  30  loss 0.79000  L_gap 0.78840  L_bnd 0.01601  |  MAE_val(macro) 0.56171  lr 1.00e-03  115.0s
  ep  31  loss 0.78188  L_gap 0.78030  L_bnd 0.01583  |  MAE_val(macro) 0.56298  lr 1.00e-03  109.5s
  ep  32  loss 0.80156  L_gap 0.79992  L_bnd 0.01636  |  MAE_val(macro) 0.56244  lr 1.00e-03  111.2s
  ep  33  loss 0.81175  L_gap 0.81015  L_bnd 0.01597  |  MAE_val(macro) 0.56216  lr 1.00e-03  111.4s
  ep  34  loss 0.79093  L_gap 0.78932  L_bnd 0.01603  |  MAE_val(macro) 0.56070  lr 1.00e-03  112.1s
  ep  35  loss 0.77664  L_gap 0.77507  L_bnd 0.01575  |  MAE_val(macro) 0.55863  lr 1.00e-03  111.6s
  ep  36  loss 0.79787  L_gap 0.79634  L_bnd 0.01533  |  MAE_val(macro) 0.56395  lr 1.00e-03  112.5s
  ep  37  loss 0.77431  L_gap 0.77279  L_bnd 0.01519  |  MAE_val(macro) 0.56040  lr 1.00e-03  115.8s
  ep  38  loss 0.78288  L_gap 0.78134  L_bnd 0.01546  |  MAE_val(macro) 0.56237  lr 1.00e-03  112.2s
  ep  39  loss 0.80643  L_gap 0.80493  L_bnd 0.01500  |  MAE_val(macro) 0.55977  lr 1.00e-03  111.0s
  ep  40  loss 0.77773  L_gap 0.77622  L_bnd 0.01502  |  MAE_val(macro) 0.55737  lr 1.00e-03  110.0s
  ep  41  loss 0.78558  L_gap 0.78417  L_bnd 0.01405  |  MAE_val(macro) 0.55579  lr 1.00e-03  108.9s
  ep  42  loss 0.79108  L_gap 0.78959  L_bnd 0.01487  |  MAE_val(macro) 0.56007  lr 1.00e-03  110.5s
  ep  43  loss 0.79144  L_gap 0.79000  L_bnd 0.01435  |  MAE_val(macro) 0.55993  lr 1.00e-03  118.8s
  ep  44  loss 0.80696  L_gap 0.80555  L_bnd 0.01408  |  MAE_val(macro) 0.55633  lr 1.00e-03  119.8s
  ep  45  loss 0.79294  L_gap 0.79158  L_bnd 0.01358  |  MAE_val(macro) 0.55933  lr 1.00e-03  117.3s
  ep  46  loss 0.79379  L_gap 0.79237  L_bnd 0.01423  |  MAE_val(macro) 0.55635  lr 1.00e-03  117.9s
  ep  47  loss 0.78298  L_gap 0.78159  L_bnd 0.01394  |  MAE_val(macro) 0.55837  lr 5.00e-04  117.2s
  ep  48  loss 0.79042  L_gap 0.78923  L_bnd 0.01185  |  MAE_val(macro) 0.55341  lr 5.00e-04  118.1s
  ep  49  loss 0.77132  L_gap 0.77017  L_bnd 0.01150  |  MAE_val(macro) 0.55810  lr 5.00e-04  120.5s
  ep  50  loss 0.76688  L_gap 0.76574  L_bnd 0.01141  |  MAE_val(macro) 0.55076  lr 5.00e-04  118.1s
  ep  51  loss 0.76461  L_gap 0.76343  L_bnd 0.01174  |  MAE_val(macro) 0.54949  lr 5.00e-04  125.2s
  ep  52  loss 0.79372  L_gap 0.79261  L_bnd 0.01118  |  MAE_val(macro) 0.55004  lr 5.00e-04  118.3s
  ep  53  loss 0.77151  L_gap 0.77034  L_bnd 0.01167  |  MAE_val(macro) 0.55118  lr 5.00e-04  121.0s
  ep  54  loss 0.79006  L_gap 0.78891  L_bnd 0.01151  |  MAE_val(macro) 0.54873  lr 5.00e-04  119.7s
  ep  55  loss 0.78369  L_gap 0.78254  L_bnd 0.01153  |  MAE_val(macro) 0.55226  lr 5.00e-04  121.0s
  ep  56  loss 0.78045  L_gap 0.77933  L_bnd 0.01125  |  MAE_val(macro) 0.55113  lr 5.00e-04  131.3s
  ep  57  loss 0.79706  L_gap 0.79592  L_bnd 0.01139  |  MAE_val(macro) 0.54940  lr 5.00e-04  123.6s
  ep  58  loss 0.77785  L_gap 0.77674  L_bnd 0.01111  |  MAE_val(macro) 0.55196  lr 5.00e-04  120.0s
  ep  59  loss 0.78705  L_gap 0.78591  L_bnd 0.01136  |  MAE_val(macro) 0.54707  lr 5.00e-04  118.8s
  ep  60  loss 0.79025  L_gap 0.78914  L_bnd 0.01110  |  MAE_val(macro) 0.54967  lr 5.00e-04  118.9s
  ep  61  loss 0.76180  L_gap 0.76071  L_bnd 0.01094  |  MAE_val(macro) 0.55117  lr 5.00e-04  116.0s
  ep  62  loss 0.75043  L_gap 0.74935  L_bnd 0.01078  |  MAE_val(macro) 0.55129  lr 5.00e-04  109.4s
  ep  63  loss 0.76745  L_gap 0.76638  L_bnd 0.01074  |  MAE_val(macro) 0.54959  lr 5.00e-04  109.4s
  ep  64  loss 0.76193  L_gap 0.76085  L_bnd 0.01087  |  MAE_val(macro) 0.54759  lr 5.00e-04  109.0s
  ep  65  loss 0.76084  L_gap 0.75977  L_bnd 0.01072  |  MAE_val(macro) 0.54866  lr 2.50e-04  111.1s
  ep  66  loss 0.78257  L_gap 0.78158  L_bnd 0.00988  |  MAE_val(macro) 0.54718  lr 2.50e-04  109.5s
  ep  67  loss 0.76846  L_gap 0.76746  L_bnd 0.00996  |  MAE_val(macro) 0.54636  lr 2.50e-04  109.1s
  ep  68  loss 0.75467  L_gap 0.75373  L_bnd 0.00941  |  MAE_val(macro) 0.54467  lr 2.50e-04  112.4s
  ep  69  loss 0.79177  L_gap 0.79084  L_bnd 0.00934  |  MAE_val(macro) 0.54634  lr 2.50e-04  112.4s
  ep  70  loss 0.77491  L_gap 0.77397  L_bnd 0.00940  |  MAE_val(macro) 0.54662  lr 2.50e-04  111.1s
  ep  71  loss 0.75086  L_gap 0.74992  L_bnd 0.00943  |  MAE_val(macro) 0.54691  lr 2.50e-04  109.4s
  ep  72  loss 0.77935  L_gap 0.77838  L_bnd 0.00970  |  MAE_val(macro) 0.54494  lr 2.50e-04  108.4s
  ep  73  loss 0.78984  L_gap 0.78888  L_bnd 0.00952  |  MAE_val(macro) 0.54714  lr 2.50e-04  109.3s
  ep  74  loss 0.75406  L_gap 0.75311  L_bnd 0.00956  |  MAE_val(macro) 0.54344  lr 2.50e-04  109.6s
  ep  75  loss 0.76784  L_gap 0.76684  L_bnd 0.01001  |  MAE_val(macro) 0.54689  lr 2.50e-04  110.5s
  ep  76  loss 0.77804  L_gap 0.77707  L_bnd 0.00966  |  MAE_val(macro) 0.54523  lr 2.50e-04  108.8s
  ep  77  loss 0.75107  L_gap 0.75012  L_bnd 0.00946  |  MAE_val(macro) 0.54563  lr 2.50e-04  109.6s
  ep  78  loss 0.76492  L_gap 0.76399  L_bnd 0.00932  |  MAE_val(macro) 0.54569  lr 2.50e-04  112.9s
  ep  79  loss 0.74821  L_gap 0.74727  L_bnd 0.00939  |  MAE_val(macro) 0.54499  lr 2.50e-04  110.9s
  ep  80  loss 0.75119  L_gap 0.75027  L_bnd 0.00919  |  MAE_val(macro) 0.54525  lr 1.25e-04  108.9s
  ep  81  loss 0.76775  L_gap 0.76685  L_bnd 0.00898  |  MAE_val(macro) 0.54502  lr 1.25e-04  111.2s
  ep  82  loss 0.76334  L_gap 0.76244  L_bnd 0.00892  |  MAE_val(macro) 0.54392  lr 1.25e-04  109.2s
  ep  83  loss 0.76832  L_gap 0.76742  L_bnd 0.00899  |  MAE_val(macro) 0.54454  lr 1.25e-04  109.7s
  ep  84  loss 0.76817  L_gap 0.76729  L_bnd 0.00883  |  MAE_val(macro) 0.54507  lr 1.25e-04  110.7s
  early stopping: 10 epoch khong cai thien.
  xong: MAE_val tot nhat 0.54344 tai epoch 74/84, 158.2 phut, 113.0 s/epoch. Ghi e5_f2_lam0.1.json, e5_f2_lam0.1.pt
  > D:\nam4_ky1\AI_4_IOT\Module 5 - PROJECT\G6\train.py --id e5_f2_lam0.5 --lam 0.5 --fold 2
[e5_f2_lam0.5] device=cpu | train S[1, 2, 3, 9, 10, 11, 12, 13, 14, 15] | val S[7, 8] | lam=0.5 | lstm=True | acc=False
  nap xong: train 44149 cua so, val 8705 cua so (11s)
  ep   1  loss 1.17845  L_gap 1.13121  L_bnd 0.09447  |  MAE_val(macro) 0.72853  lr 1.00e-03  122.2s
  ep   2  loss 1.06907  L_gap 1.05446  L_bnd 0.02923  |  MAE_val(macro) 0.65871  lr 1.00e-03  125.5s
  ep   3  loss 0.99114  L_gap 0.97751  L_bnd 0.02727  |  MAE_val(macro) 0.62838  lr 1.00e-03  124.2s
  ep   4  loss 0.91965  L_gap 0.90769  L_bnd 0.02393  |  MAE_val(macro) 0.61375  lr 1.00e-03  126.8s
  ep   5  loss 0.89835  L_gap 0.88735  L_bnd 0.02199  |  MAE_val(macro) 0.60469  lr 1.00e-03  124.6s
  ep   6  loss 0.90400  L_gap 0.89438  L_bnd 0.01925  |  MAE_val(macro) 0.59804  lr 1.00e-03  124.9s
  ep   7  loss 0.87423  L_gap 0.86522  L_bnd 0.01801  |  MAE_val(macro) 0.59472  lr 1.00e-03  127.9s
  ep   8  loss 0.87458  L_gap 0.86638  L_bnd 0.01641  |  MAE_val(macro) 0.59731  lr 1.00e-03  124.7s
  ep   9  loss 0.86461  L_gap 0.85663  L_bnd 0.01596  |  MAE_val(macro) 0.59379  lr 1.00e-03  125.1s
  ep  10  loss 0.85948  L_gap 0.85192  L_bnd 0.01512  |  MAE_val(macro) 0.58483  lr 1.00e-03  125.4s
  ep  11  loss 0.84881  L_gap 0.84166  L_bnd 0.01430  |  MAE_val(macro) 0.58773  lr 1.00e-03  125.3s
  ep  12  loss 0.85714  L_gap 0.85015  L_bnd 0.01398  |  MAE_val(macro) 0.58268  lr 1.00e-03  126.4s
  ep  13  loss 0.84338  L_gap 0.83668  L_bnd 0.01340  |  MAE_val(macro) 0.58030  lr 1.00e-03  125.4s
  ep  14  loss 0.83730  L_gap 0.83091  L_bnd 0.01278  |  MAE_val(macro) 0.57696  lr 1.00e-03  125.4s
  ep  15  loss 0.83617  L_gap 0.83000  L_bnd 0.01233  |  MAE_val(macro) 0.57644  lr 1.00e-03  125.3s
  ep  16  loss 0.84178  L_gap 0.83591  L_bnd 0.01173  |  MAE_val(macro) 0.57272  lr 1.00e-03  128.0s
  ep  17  loss 0.83733  L_gap 0.83127  L_bnd 0.01213  |  MAE_val(macro) 0.57452  lr 1.00e-03  125.4s
  ep  18  loss 0.84203  L_gap 0.83612  L_bnd 0.01183  |  MAE_val(macro) 0.57037  lr 1.00e-03  126.3s
  ep  19  loss 0.85664  L_gap 0.85091  L_bnd 0.01146  |  MAE_val(macro) 0.57422  lr 1.00e-03  125.3s
  ep  20  loss 0.84797  L_gap 0.84234  L_bnd 0.01126  |  MAE_val(macro) 0.57156  lr 1.00e-03  125.5s
  ep  21  loss 0.84545  L_gap 0.83979  L_bnd 0.01133  |  MAE_val(macro) 0.56831  lr 1.00e-03  127.7s
  ep  22  loss 0.83435  L_gap 0.82910  L_bnd 0.01050  |  MAE_val(macro) 0.57189  lr 1.00e-03  126.4s
  ep  23  loss 0.85433  L_gap 0.84925  L_bnd 0.01016  |  MAE_val(macro) 0.56510  lr 1.00e-03  126.0s
  ep  24  loss 0.81174  L_gap 0.80678  L_bnd 0.00992  |  MAE_val(macro) 0.56612  lr 1.00e-03  125.4s
  ep  25  loss 0.81691  L_gap 0.81177  L_bnd 0.01028  |  MAE_val(macro) 0.56602  lr 1.00e-03  125.3s
  ep  26  loss 0.81939  L_gap 0.81428  L_bnd 0.01023  |  MAE_val(macro) 0.56158  lr 1.00e-03  127.5s
  ep  27  loss 0.80932  L_gap 0.80445  L_bnd 0.00975  |  MAE_val(macro) 0.56098  lr 1.00e-03  2354.9s
  ep  28  loss 0.82141  L_gap 0.81642  L_bnd 0.00998  |  MAE_val(macro) 0.56499  lr 1.00e-03  139.1s
  ep  29  loss 0.81792  L_gap 0.81298  L_bnd 0.00988  |  MAE_val(macro) 0.56370  lr 1.00e-03  113.8s
  ep  30  loss 0.79288  L_gap 0.78831  L_bnd 0.00916  |  MAE_val(macro) 0.56125  lr 1.00e-03  169.1s
  ep  31  loss 0.78481  L_gap 0.78020  L_bnd 0.00923  |  MAE_val(macro) 0.55841  lr 1.00e-03  144.9s
  ep  32  loss 0.80461  L_gap 0.79989  L_bnd 0.00943  |  MAE_val(macro) 0.56560  lr 1.00e-03  147.4s
  ep  33  loss 0.81581  L_gap 0.81106  L_bnd 0.00950  |  MAE_val(macro) 0.55884  lr 1.00e-03  147.6s
  ep  34  loss 0.79425  L_gap 0.78979  L_bnd 0.00892  |  MAE_val(macro) 0.56032  lr 1.00e-03  142.7s
  ep  35  loss 0.77970  L_gap 0.77529  L_bnd 0.00882  |  MAE_val(macro) 0.55940  lr 1.00e-03  144.4s
  ep  36  loss 0.80185  L_gap 0.79748  L_bnd 0.00874  |  MAE_val(macro) 0.56025  lr 1.00e-03  161.0s
[11:07:57] BAT DAU E5 huan luyen: -u experiments.py e5 --luoi 0 0.1 0.5 1
E5: kiem dinh cheo 5 fold, luoi lambda duoc chi dinh [0.0, 0.1, 0.5, 1.0]
  [co san] e5_f1_lam0
  [co san] e5_f1_lam0.1
  [co san] e5_f1_lam0.5
  [co san] e5_f1_lam1
  fold 1: tot nhat e5_f1_lam1 {'e5_f1_lam0': 0.60793, 'e5_f1_lam0.1': 0.60586, 'e5_f1_lam0.5': 0.60396, 'e5_f1_lam1': 0.59956}
  [co san] e5_f2_lam0
  [co san] e5_f2_lam0.1
  > D:\nam4_ky1\AI_4_IOT\Module 5 - PROJECT\G6\train.py --id e5_f2_lam0.5 --lam 0.5 --fold 2
[e5_f2_lam0.5] device=cpu | train S[1, 2, 3, 9, 10, 11, 12, 13, 14, 15] | val S[7, 8] | lam=0.5 | lstm=True | acc=False
  nap xong: train 44149 cua so, val 8705 cua so (13s)
  tiep tuc tu checkpoint: epoch 37, da chay 115.6 phut truoc do
  ep  37  loss 0.77658  L_gap 0.77227  L_bnd 0.00863  |  MAE_val(macro) 0.55972  lr 5.00e-04  148.2s
  ep  38  loss 0.77691  L_gap 0.77346  L_bnd 0.00689  |  MAE_val(macro) 0.55041  lr 5.00e-04  148.4s
  ep  39  loss 0.79984  L_gap 0.79651  L_bnd 0.00667  |  MAE_val(macro) 0.55383  lr 5.00e-04  149.8s
  ep  40  loss 0.77214  L_gap 0.76884  L_bnd 0.00661  |  MAE_val(macro) 0.55342  lr 5.00e-04  149.2s
  ep  41  loss 0.77985  L_gap 0.77652  L_bnd 0.00667  |  MAE_val(macro) 0.55081  lr 5.00e-04  151.2s
  ep  42  loss 0.78504  L_gap 0.78175  L_bnd 0.00657  |  MAE_val(macro) 0.55188  lr 5.00e-04  156.6s
  ep  43  loss 0.78644  L_gap 0.78311  L_bnd 0.00665  |  MAE_val(macro) 0.54987  lr 5.00e-04  164.1s
  ep  44  loss 0.80205  L_gap 0.79874  L_bnd 0.00661  |  MAE_val(macro) 0.55043  lr 5.00e-04  133.2s
  ep  45  loss 0.78863  L_gap 0.78538  L_bnd 0.00649  |  MAE_val(macro) 0.55234  lr 5.00e-04  130.8s
  ep  46  loss 0.79086  L_gap 0.78762  L_bnd 0.00648  |  MAE_val(macro) 0.55162  lr 5.00e-04  131.4s
  ep  47  loss 0.77887  L_gap 0.77568  L_bnd 0.00638  |  MAE_val(macro) 0.55140  lr 5.00e-04  131.5s
  ep  48  loss 0.79436  L_gap 0.79112  L_bnd 0.00648  |  MAE_val(macro) 0.55216  lr 5.00e-04  131.7s
  ep  49  loss 0.77708  L_gap 0.77390  L_bnd 0.00635  |  MAE_val(macro) 0.55407  lr 2.50e-04  129.1s
  ep  50  loss 0.76726  L_gap 0.76447  L_bnd 0.00557  |  MAE_val(macro) 0.54653  lr 2.50e-04  133.9s
  ep  51  loss 0.76420  L_gap 0.76139  L_bnd 0.00562  |  MAE_val(macro) 0.54579  lr 2.50e-04  131.2s
  ep  52  loss 0.79439  L_gap 0.79166  L_bnd 0.00546  |  MAE_val(macro) 0.54661  lr 2.50e-04  134.3s
  ep  53  loss 0.77154  L_gap 0.76874  L_bnd 0.00560  |  MAE_val(macro) 0.54796  lr 2.50e-04  132.4s
  ep  54  loss 0.79151  L_gap 0.78870  L_bnd 0.00562  |  MAE_val(macro) 0.54598  lr 2.50e-04  141.2s
  ep  55  loss 0.78372  L_gap 0.78098  L_bnd 0.00549  |  MAE_val(macro) 0.54850  lr 2.50e-04  147.6s
  ep  56  loss 0.78117  L_gap 0.77847  L_bnd 0.00540  |  MAE_val(macro) 0.54598  lr 2.50e-04  147.5s
  ep  57  loss 0.79748  L_gap 0.79471  L_bnd 0.00553  |  MAE_val(macro) 0.54602  lr 1.25e-04  149.5s
  ep  58  loss 0.77631  L_gap 0.77382  L_bnd 0.00498  |  MAE_val(macro) 0.54456  lr 1.25e-04  148.4s
  ep  59  loss 0.78539  L_gap 0.78286  L_bnd 0.00507  |  MAE_val(macro) 0.54387  lr 1.25e-04  148.7s
  ep  60  loss 0.78908  L_gap 0.78653  L_bnd 0.00511  |  MAE_val(macro) 0.54556  lr 1.25e-04  147.6s
  ep  61  loss 0.76090  L_gap 0.75842  L_bnd 0.00497  |  MAE_val(macro) 0.54492  lr 1.25e-04  149.0s
  ep  62  loss 0.75056  L_gap 0.74808  L_bnd 0.00497  |  MAE_val(macro) 0.54500  lr 1.25e-04  147.5s
  ep  63  loss 0.76697  L_gap 0.76449  L_bnd 0.00496  |  MAE_val(macro) 0.54598  lr 1.25e-04  156.9s
  ep  64  loss 0.76084  L_gap 0.75838  L_bnd 0.00491  |  MAE_val(macro) 0.54452  lr 1.25e-04  150.2s
  ep  65  loss 0.76074  L_gap 0.75831  L_bnd 0.00486  |  MAE_val(macro) 0.54501  lr 6.25e-05  148.0s
  ep  66  loss 0.78542  L_gap 0.78300  L_bnd 0.00483  |  MAE_val(macro) 0.54348  lr 6.25e-05  150.1s
  ep  67  loss 0.77113  L_gap 0.76873  L_bnd 0.00481  |  MAE_val(macro) 0.54394  lr 6.25e-05  150.4s
  ep  68  loss 0.75804  L_gap 0.75577  L_bnd 0.00454  |  MAE_val(macro) 0.54264  lr 6.25e-05  139.7s
  ep  69  loss 0.79479  L_gap 0.79252  L_bnd 0.00455  |  MAE_val(macro) 0.54330  lr 6.25e-05  134.8s
  ep  70  loss 0.77871  L_gap 0.77640  L_bnd 0.00461  |  MAE_val(macro) 0.54438  lr 6.25e-05  130.8s
  ep  71  loss 0.75471  L_gap 0.75234  L_bnd 0.00474  |  MAE_val(macro) 0.54407  lr 6.25e-05  131.1s
  ep  72  loss 0.78317  L_gap 0.78083  L_bnd 0.00468  |  MAE_val(macro) 0.54338  lr 6.25e-05  131.8s
  ep  73  loss 0.79442  L_gap 0.79211  L_bnd 0.00462  |  MAE_val(macro) 0.54422  lr 6.25e-05  130.8s
  ep  74  loss 0.76016  L_gap 0.75783  L_bnd 0.00466  |  MAE_val(macro) 0.54275  lr 3.13e-05  132.0s
  ep  75  loss 0.77120  L_gap 0.76884  L_bnd 0.00474  |  MAE_val(macro) 0.54326  lr 3.13e-05  130.2s
  ep  76  loss 0.78142  L_gap 0.77913  L_bnd 0.00458  |  MAE_val(macro) 0.54280  lr 3.13e-05  130.7s
  ep  77  loss 0.75538  L_gap 0.75311  L_bnd 0.00454  |  MAE_val(macro) 0.54281  lr 3.13e-05  130.6s
  ep  78  loss 0.76938  L_gap 0.76711  L_bnd 0.00454  |  MAE_val(macro) 0.54255  lr 3.13e-05  133.6s
  ep  79  loss 0.75261  L_gap 0.75038  L_bnd 0.00447  |  MAE_val(macro) 0.54327  lr 3.13e-05  130.7s
  ep  80  loss 0.75638  L_gap 0.75409  L_bnd 0.00456  |  MAE_val(macro) 0.54242  lr 3.13e-05  130.9s
  ep  81  loss 0.77497  L_gap 0.77270  L_bnd 0.00455  |  MAE_val(macro) 0.54284  lr 3.13e-05  128.1s
  ep  82  loss 0.77090  L_gap 0.76866  L_bnd 0.00448  |  MAE_val(macro) 0.54282  lr 3.13e-05  122.0s
  ep  83  loss 0.77667  L_gap 0.77433  L_bnd 0.00470  |  MAE_val(macro) 0.54309  lr 3.13e-05  131.9s
  ep  84  loss 0.77587  L_gap 0.77361  L_bnd 0.00453  |  MAE_val(macro) 0.54295  lr 3.13e-05  130.3s
  ep  85  loss 0.75953  L_gap 0.75725  L_bnd 0.00456  |  MAE_val(macro) 0.54322  lr 3.13e-05  132.8s
  ep  86  loss 0.76432  L_gap 0.76208  L_bnd 0.00449  |  MAE_val(macro) 0.54286  lr 1.56e-05  129.1s
  ep  87  loss 0.76104  L_gap 0.75880  L_bnd 0.00449  |  MAE_val(macro) 0.54293  lr 1.56e-05  130.8s
  ep  88  loss 0.75789  L_gap 0.75570  L_bnd 0.00438  |  MAE_val(macro) 0.54306  lr 1.56e-05  131.1s
  ep  89  loss 0.77204  L_gap 0.76980  L_bnd 0.00448  |  MAE_val(macro) 0.54298  lr 1.56e-05  136.8s
  ep  90  loss 0.75741  L_gap 0.75518  L_bnd 0.00446  |  MAE_val(macro) 0.54256  lr 1.56e-05  130.5s
  early stopping: 10 epoch khong cai thien.
  xong: MAE_val tot nhat 0.54242 tai epoch 80/90, 240.4 phut, 160.3 s/epoch. Ghi e5_f2_lam0.5.json, e5_f2_lam0.5.pt
  > D:\nam4_ky1\AI_4_IOT\Module 5 - PROJECT\G6\train.py --id e5_f2_lam1 --lam 1.0 --fold 2
[e5_f2_lam1] device=cpu | train S[1, 2, 3, 9, 10, 11, 12, 13, 14, 15] | val S[7, 8] | lam=1.0 | lstm=True | acc=False
  nap xong: train 44149 cua so, val 8705 cua so (8s)
  ep   1  loss 1.22684  L_gap 1.13839  L_bnd 0.08845  |  MAE_val(macro) 0.73578  lr 1.00e-03  122.1s
  ep   2  loss 1.10149  L_gap 1.07957  L_bnd 0.02192  |  MAE_val(macro) 0.71755  lr 1.00e-03  130.3s
  ep   3  loss 1.07990  L_gap 1.05866  L_bnd 0.02124  |  MAE_val(macro) 0.64892  lr 1.00e-03  134.1s
  ep   4  loss 0.96877  L_gap 0.94926  L_bnd 0.01951  |  MAE_val(macro) 0.62904  lr 1.00e-03  134.3s
  ep   5  loss 0.92380  L_gap 0.90671  L_bnd 0.01709  |  MAE_val(macro) 0.61194  lr 1.00e-03  134.4s
  ep   6  loss 0.92163  L_gap 0.90631  L_bnd 0.01532  |  MAE_val(macro) 0.60173  lr 1.00e-03  135.2s
  ep   7  loss 0.88859  L_gap 0.87428  L_bnd 0.01430  |  MAE_val(macro) 0.59656  lr 1.00e-03  134.9s
  ep   8  loss 0.88787  L_gap 0.87452  L_bnd 0.01334  |  MAE_val(macro) 0.59882  lr 1.00e-03  136.5s
  ep   9  loss 0.87705  L_gap 0.86417  L_bnd 0.01288  |  MAE_val(macro) 0.59550  lr 1.00e-03  135.1s
  ep  10  loss 0.87177  L_gap 0.85941  L_bnd 0.01236  |  MAE_val(macro) 0.59036  lr 1.00e-03  134.4s
  ep  11  loss 0.85856  L_gap 0.84681  L_bnd 0.01175  |  MAE_val(macro) 0.58906  lr 1.00e-03  135.7s
  ep  12  loss 0.86707  L_gap 0.85593  L_bnd 0.01113  |  MAE_val(macro) 0.58581  lr 1.00e-03  133.1s
  ep  13  loss 0.85409  L_gap 0.84311  L_bnd 0.01098  |  MAE_val(macro) 0.58313  lr 1.00e-03  133.6s
  ep  14  loss 0.84736  L_gap 0.83692  L_bnd 0.01044  |  MAE_val(macro) 0.58054  lr 1.00e-03  135.6s
  ep  15  loss 0.84648  L_gap 0.83653  L_bnd 0.00995  |  MAE_val(macro) 0.58043  lr 1.00e-03  138.2s
  ep  16  loss 0.85167  L_gap 0.84193  L_bnd 0.00974  |  MAE_val(macro) 0.58305  lr 1.00e-03  134.7s
  ep  17  loss 0.84691  L_gap 0.83735  L_bnd 0.00957  |  MAE_val(macro) 0.57755  lr 1.00e-03  134.2s
  ep  18  loss 0.84994  L_gap 0.84059  L_bnd 0.00934  |  MAE_val(macro) 0.57546  lr 1.00e-03  135.2s
  ep  19  loss 0.86607  L_gap 0.85673  L_bnd 0.00934  |  MAE_val(macro) 0.57481  lr 1.00e-03  133.6s
  ep  20  loss 0.85668  L_gap 0.84764  L_bnd 0.00905  |  MAE_val(macro) 0.57496  lr 1.00e-03  134.9s
  ep  21  loss 0.85225  L_gap 0.84315  L_bnd 0.00910  |  MAE_val(macro) 0.57283  lr 1.00e-03  133.9s
  ep  22  loss 0.84353  L_gap 0.83502  L_bnd 0.00851  |  MAE_val(macro) 0.57204  lr 1.00e-03  136.1s
  ep  23  loss 0.86100  L_gap 0.85261  L_bnd 0.00839  |  MAE_val(macro) 0.56660  lr 1.00e-03  134.2s
  ep  24  loss 0.81869  L_gap 0.81056  L_bnd 0.00813  |  MAE_val(macro) 0.56762  lr 1.00e-03  134.6s
  ep  25  loss 0.82338  L_gap 0.81534  L_bnd 0.00805  |  MAE_val(macro) 0.56665  lr 1.00e-03  133.7s
  ep  26  loss 0.82672  L_gap 0.81850  L_bnd 0.00822  |  MAE_val(macro) 0.56368  lr 1.00e-03  133.2s
  ep  27  loss 0.81826  L_gap 0.81020  L_bnd 0.00806  |  MAE_val(macro) 0.56293  lr 1.00e-03  134.2s
  ep  28  loss 0.82733  L_gap 0.81939  L_bnd 0.00794  |  MAE_val(macro) 0.56593  lr 1.00e-03  134.4s
  ep  29  loss 0.82359  L_gap 0.81569  L_bnd 0.00790  |  MAE_val(macro) 0.56398  lr 1.00e-03  136.0s
  ep  30  loss 0.79969  L_gap 0.79266  L_bnd 0.00704  |  MAE_val(macro) 0.56234  lr 1.00e-03  135.2s
  ep  31  loss 0.79046  L_gap 0.78334  L_bnd 0.00712  |  MAE_val(macro) 0.55957  lr 1.00e-03  135.3s
  ep  32  loss 0.81048  L_gap 0.80284  L_bnd 0.00764  |  MAE_val(macro) 0.56673  lr 1.00e-03  138.7s
  ep  33  loss 0.82097  L_gap 0.81380  L_bnd 0.00718  |  MAE_val(macro) 0.56076  lr 1.00e-03  138.5s
  ep  34  loss 0.79992  L_gap 0.79287  L_bnd 0.00705  |  MAE_val(macro) 0.56089  lr 1.00e-03  169.8s
  ep  35  loss 0.78608  L_gap 0.77929  L_bnd 0.00679  |  MAE_val(macro) 0.55798  lr 1.00e-03  149.6s
  ep  36  loss 0.80731  L_gap 0.80025  L_bnd 0.00706  |  MAE_val(macro) 0.56398  lr 1.00e-03  147.8s
  ep  37  loss 0.78275  L_gap 0.77587  L_bnd 0.00688  |  MAE_val(macro) 0.55962  lr 1.00e-03  149.4s
  ep  38  loss 0.79061  L_gap 0.78365  L_bnd 0.00696  |  MAE_val(macro) 0.55697  lr 1.00e-03  146.7s
  ep  39  loss 0.81378  L_gap 0.80737  L_bnd 0.00641  |  MAE_val(macro) 0.55997  lr 1.00e-03  140.8s
  ep  40  loss 0.78546  L_gap 0.77891  L_bnd 0.00655  |  MAE_val(macro) 0.55616  lr 1.00e-03  144.3s
  ep  41  loss 0.79298  L_gap 0.78658  L_bnd 0.00640  |  MAE_val(macro) 0.55597  lr 1.00e-03  148.2s
  ep  42  loss 0.79839  L_gap 0.79179  L_bnd 0.00661  |  MAE_val(macro) 0.55618  lr 1.00e-03  148.4s
  ep  43  loss 0.79900  L_gap 0.79260  L_bnd 0.00640  |  MAE_val(macro) 0.55613  lr 1.00e-03  136.3s
  ep  44  loss 0.81444  L_gap 0.80818  L_bnd 0.00626  |  MAE_val(macro) 0.55521  lr 1.00e-03  145.7s
  ep  45  loss 0.80008  L_gap 0.79411  L_bnd 0.00597  |  MAE_val(macro) 0.55433  lr 1.00e-03  143.7s
  ep  46  loss 0.80076  L_gap 0.79467  L_bnd 0.00608  |  MAE_val(macro) 0.55686  lr 1.00e-03  146.1s
  ep  47  loss 0.79049  L_gap 0.78447  L_bnd 0.00601  |  MAE_val(macro) 0.55789  lr 1.00e-03  145.5s
  ep  48  loss 0.80464  L_gap 0.79856  L_bnd 0.00608  |  MAE_val(macro) 0.55157  lr 1.00e-03  144.6s
  ep  49  loss 0.78753  L_gap 0.78155  L_bnd 0.00597  |  MAE_val(macro) 0.56099  lr 1.00e-03  147.0s
  ep  50  loss 0.78273  L_gap 0.77677  L_bnd 0.00595  |  MAE_val(macro) 0.55592  lr 1.00e-03  147.9s
  ep  51  loss 0.78034  L_gap 0.77401  L_bnd 0.00633  |  MAE_val(macro) 0.55073  lr 1.00e-03  145.7s
  ep  52  loss 0.80952  L_gap 0.80368  L_bnd 0.00583  |  MAE_val(macro) 0.55688  lr 1.00e-03  147.3s
  ep  53  loss 0.78798  L_gap 0.78192  L_bnd 0.00606  |  MAE_val(macro) 0.55551  lr 1.00e-03  148.2s
  ep  54  loss 0.80513  L_gap 0.79911  L_bnd 0.00602  |  MAE_val(macro) 0.54996  lr 1.00e-03  149.7s
  ep  55  loss 0.79782  L_gap 0.79186  L_bnd 0.00596  |  MAE_val(macro) 0.55502  lr 1.00e-03  153.6s
  ep  56  loss 0.79445  L_gap 0.78833  L_bnd 0.00612  |  MAE_val(macro) 0.55520  lr 1.00e-03  151.3s
  ep  57  loss 0.81017  L_gap 0.80447  L_bnd 0.00571  |  MAE_val(macro) 0.55476  lr 1.00e-03  150.7s
  ep  58  loss 0.79271  L_gap 0.78686  L_bnd 0.00585  |  MAE_val(macro) 0.55322  lr 1.00e-03  146.6s
  ep  59  loss 0.80026  L_gap 0.79455  L_bnd 0.00572  |  MAE_val(macro) 0.55199  lr 1.00e-03  149.4s
  ep  60  loss 0.80362  L_gap 0.79802  L_bnd 0.00560  |  MAE_val(macro) 0.54937  lr 1.00e-03  148.3s
  ep  61  loss 0.77654  L_gap 0.77054  L_bnd 0.00600  |  MAE_val(macro) 0.55071  lr 1.00e-03  146.1s
  ep  62  loss 0.76459  L_gap 0.75909  L_bnd 0.00550  |  MAE_val(macro) 0.55184  lr 1.00e-03  145.7s
  ep  63  loss 0.78015  L_gap 0.77470  L_bnd 0.00545  |  MAE_val(macro) 0.56042  lr 1.00e-03  149.9s
  ep  64  loss 0.77484  L_gap 0.76914  L_bnd 0.00570  |  MAE_val(macro) 0.54922  lr 1.00e-03  145.2s
  ep  65  loss 0.77206  L_gap 0.76673  L_bnd 0.00533  |  MAE_val(macro) 0.55462  lr 1.00e-03  145.7s
  ep  66  loss 0.79898  L_gap 0.79333  L_bnd 0.00565  |  MAE_val(macro) 0.55544  lr 1.00e-03  146.1s
  ep  67  loss 0.78487  L_gap 0.77928  L_bnd 0.00558  |  MAE_val(macro) 0.55200  lr 1.00e-03  148.5s
  ep  68  loss 0.76981  L_gap 0.76476  L_bnd 0.00505  |  MAE_val(macro) 0.55171  lr 1.00e-03  145.6s
  ep  69  loss 0.80718  L_gap 0.80198  L_bnd 0.00520  |  MAE_val(macro) 0.55002  lr 1.00e-03  144.5s
  ep  70  loss 0.79009  L_gap 0.78497  L_bnd 0.00512  |  MAE_val(macro) 0.55124  lr 5.00e-04  147.3s
  ep  71  loss 0.75904  L_gap 0.75477  L_bnd 0.00426  |  MAE_val(macro) 0.54663  lr 5.00e-04  148.7s
  ep  72  loss 0.78579  L_gap 0.78140  L_bnd 0.00439  |  MAE_val(macro) 0.55069  lr 5.00e-04  146.1s
  ep  73  loss 0.79664  L_gap 0.79248  L_bnd 0.00415  |  MAE_val(macro) 0.54608  lr 5.00e-04  147.1s
  ep  74  loss 0.76098  L_gap 0.75682  L_bnd 0.00416  |  MAE_val(macro) 0.54527  lr 5.00e-04  145.4s
  ep  75  loss 0.77390  L_gap 0.76937  L_bnd 0.00453  |  MAE_val(macro) 0.54688  lr 5.00e-04  147.9s
  ep  76  loss 0.78269  L_gap 0.77838  L_bnd 0.00431  |  MAE_val(macro) 0.54907  lr 5.00e-04  146.7s
  ep  77  loss 0.75745  L_gap 0.75319  L_bnd 0.00426  |  MAE_val(macro) 0.54432  lr 5.00e-04  145.7s
  ep  78  loss 0.77087  L_gap 0.76671  L_bnd 0.00416  |  MAE_val(macro) 0.54527  lr 5.00e-04  147.0s
  ep  79  loss 0.75338  L_gap 0.74944  L_bnd 0.00393  |  MAE_val(macro) 0.54661  lr 5.00e-04  148.6s
  ep  80  loss 0.75697  L_gap 0.75289  L_bnd 0.00407  |  MAE_val(macro) 0.54313  lr 5.00e-04  146.3s
  ep  81  loss 0.77525  L_gap 0.77118  L_bnd 0.00407  |  MAE_val(macro) 0.54506  lr 5.00e-04  146.5s
  ep  82  loss 0.77052  L_gap 0.76646  L_bnd 0.00406  |  MAE_val(macro) 0.54571  lr 5.00e-04  145.1s
  ep  83  loss 0.77600  L_gap 0.77182  L_bnd 0.00417  |  MAE_val(macro) 0.54503  lr 5.00e-04  147.1s
  ep  84  loss 0.77641  L_gap 0.77233  L_bnd 0.00408  |  MAE_val(macro) 0.54474  lr 5.00e-04  148.3s
  ep  85  loss 0.75869  L_gap 0.75466  L_bnd 0.00404  |  MAE_val(macro) 0.54393  lr 5.00e-04  145.4s
  ep  86  loss 0.76189  L_gap 0.75787  L_bnd 0.00402  |  MAE_val(macro) 0.54588  lr 2.50e-04  146.0s
  ep  87  loss 0.75567  L_gap 0.75197  L_bnd 0.00370  |  MAE_val(macro) 0.54332  lr 2.50e-04  145.4s
  ep  88  loss 0.75134  L_gap 0.74803  L_bnd 0.00331  |  MAE_val(macro) 0.54130  lr 2.50e-04  147.8s
  ep  89  loss 0.76628  L_gap 0.76273  L_bnd 0.00355  |  MAE_val(macro) 0.54459  lr 2.50e-04  149.0s
  ep  90  loss 0.75070  L_gap 0.74728  L_bnd 0.00342  |  MAE_val(macro) 0.54393  lr 2.50e-04  147.4s
  ep  91  loss 0.74628  L_gap 0.74280  L_bnd 0.00347  |  MAE_val(macro) 0.54092  lr 2.50e-04  146.6s
  ep  92  loss 0.75032  L_gap 0.74688  L_bnd 0.00344  |  MAE_val(macro) 0.54104  lr 2.50e-04  150.8s
  ep  93  loss 0.76212  L_gap 0.75866  L_bnd 0.00346  |  MAE_val(macro) 0.54115  lr 2.50e-04  146.1s
  ep  94  loss 0.77835  L_gap 0.77486  L_bnd 0.00348  |  MAE_val(macro) 0.54117  lr 2.50e-04  145.9s
  ep  95  loss 0.77083  L_gap 0.76735  L_bnd 0.00348  |  MAE_val(macro) 0.54051  lr 2.50e-04  145.4s
  ep  96  loss 0.77424  L_gap 0.77062  L_bnd 0.00362  |  MAE_val(macro) 0.54294  lr 2.50e-04  148.3s
  ep  97  loss 0.76585  L_gap 0.76235  L_bnd 0.00350  |  MAE_val(macro) 0.54356  lr 2.50e-04  145.1s
  ep  98  loss 0.74484  L_gap 0.74131  L_bnd 0.00353  |  MAE_val(macro) 0.54074  lr 2.50e-04  144.7s
  ep  99  loss 0.75255  L_gap 0.74918  L_bnd 0.00337  |  MAE_val(macro) 0.54051  lr 2.50e-04  146.5s
  ep 100  loss 0.74428  L_gap 0.74095  L_bnd 0.00334  |  MAE_val(macro) 0.54078  lr 2.50e-04  7807.0s
  xong: MAE_val tot nhat 0.54051 tai epoch 95/100, 366.0 phut, 219.6 s/epoch. Ghi e5_f2_lam1.json, e5_f2_lam1.pt
  fold 2: tot nhat e5_f2_lam1 {'e5_f2_lam0': 0.54231, 'e5_f2_lam0.1': 0.54344, 'e5_f2_lam0.5': 0.54242, 'e5_f2_lam1': 0.54051}
  > D:\nam4_ky1\AI_4_IOT\Module 5 - PROJECT\G6\train.py --id e5_f3_lam0 --lam 0.0 --fold 3
[e5_f3_lam0] device=cpu | train S[1, 2, 3, 4, 5, 6, 12, 13, 14, 15] | val S[10, 11] | lam=0.0 | lstm=True | acc=False
  nap xong: train 41873 cua so, val 9842 cua so (4s)
  ep   1  loss 1.13393  L_gap 1.13393  L_bnd 0.15444  |  MAE_val(macro) 0.73511  lr 1.00e-03  64.0s
  ep   2  loss 1.00697  L_gap 1.00697  L_bnd 0.07206  |  MAE_val(macro) 0.61652  lr 1.00e-03  142.3s
  ep   3  loss 0.91175  L_gap 0.91175  L_bnd 0.05982  |  MAE_val(macro) 0.59227  lr 1.00e-03  151.3s
  ep   4  loss 0.90747  L_gap 0.90747  L_bnd 0.05455  |  MAE_val(macro) 0.58827  lr 1.00e-03  158.8s
  ep   5  loss 0.88043  L_gap 0.88043  L_bnd 0.04989  |  MAE_val(macro) 0.57965  lr 1.00e-03  163.5s
  ep   6  loss 0.86338  L_gap 0.86338  L_bnd 0.04778  |  MAE_val(macro) 0.58301  lr 1.00e-03  155.4s
  ep   7  loss 0.86890  L_gap 0.86890  L_bnd 0.04546  |  MAE_val(macro) 0.57193  lr 1.00e-03  179.2s
  ep   8  loss 0.85299  L_gap 0.85299  L_bnd 0.04465  |  MAE_val(macro) 0.56549  lr 1.00e-03  169.7s
  ep   9  loss 0.84217  L_gap 0.84217  L_bnd 0.04319  |  MAE_val(macro) 0.57597  lr 1.00e-03  143.5s
  ep  10  loss 0.84415  L_gap 0.84415  L_bnd 0.03987  |  MAE_val(macro) 0.56439  lr 1.00e-03  151.1s
  ep  11  loss 0.84773  L_gap 0.84773  L_bnd 0.03907  |  MAE_val(macro) 0.56582  lr 1.00e-03  180.7s
  ep  12  loss 0.82325  L_gap 0.82325  L_bnd 0.03840  |  MAE_val(macro) 0.56316  lr 1.00e-03  168.7s
  ep  13  loss 0.83642  L_gap 0.83642  L_bnd 0.03747  |  MAE_val(macro) 0.57376  lr 1.00e-03  201.0s
  ep  14  loss 0.83420  L_gap 0.83420  L_bnd 0.03808  |  MAE_val(macro) 0.55987  lr 1.00e-03  187.3s
  ep  15  loss 0.80968  L_gap 0.80968  L_bnd 0.03574  |  MAE_val(macro) 0.55207  lr 1.00e-03  152.1s
  ep  16  loss 0.81589  L_gap 0.81589  L_bnd 0.03744  |  MAE_val(macro) 0.55895  lr 1.00e-03  197.5s
  ep  17  loss 0.83286  L_gap 0.83286  L_bnd 0.03498  |  MAE_val(macro) 0.55152  lr 1.00e-03  162.1s
  ep  18  loss 0.82527  L_gap 0.82527  L_bnd 0.03364  |  MAE_val(macro) 0.56178  lr 1.00e-03  141.8s
  ep  19  loss 0.81153  L_gap 0.81153  L_bnd 0.03387  |  MAE_val(macro) 0.55393  lr 1.00e-03  155.2s
  ep  20  loss 0.81698  L_gap 0.81698  L_bnd 0.03445  |  MAE_val(macro) 0.55027  lr 1.00e-03  153.1s
  ep  21  loss 0.81686  L_gap 0.81686  L_bnd 0.03336  |  MAE_val(macro) 0.56688  lr 1.00e-03  149.8s
  ep  22  loss 0.80656  L_gap 0.80656  L_bnd 0.03369  |  MAE_val(macro) 0.55878  lr 1.00e-03  166.0s
  ep  23  loss 0.81166  L_gap 0.81166  L_bnd 0.03184  |  MAE_val(macro) 0.55530  lr 1.00e-03  165.0s
  ep  24  loss 0.81636  L_gap 0.81636  L_bnd 0.03253  |  MAE_val(macro) 0.54684  lr 1.00e-03  139.6s
  ep  25  loss 0.83033  L_gap 0.83033  L_bnd 0.03113  |  MAE_val(macro) 0.56721  lr 1.00e-03  146.3s
  ep  26  loss 0.80959  L_gap 0.80959  L_bnd 0.03385  |  MAE_val(macro) 0.55368  lr 1.00e-03  144.1s
  ep  27  loss 0.80754  L_gap 0.80754  L_bnd 0.02990  |  MAE_val(macro) 0.54974  lr 1.00e-03  147.6s
  ep  28  loss 0.80267  L_gap 0.80267  L_bnd 0.02996  |  MAE_val(macro) 0.54731  lr 1.00e-03  140.1s
  ep  29  loss 0.79359  L_gap 0.79359  L_bnd 0.03045  |  MAE_val(macro) 0.54076  lr 1.00e-03  139.9s
  ep  30  loss 0.81085  L_gap 0.81085  L_bnd 0.03032  |  MAE_val(macro) 0.55332  lr 1.00e-03  144.0s
  ep  31  loss 0.79163  L_gap 0.79163  L_bnd 0.02807  |  MAE_val(macro) 0.54197  lr 1.00e-03  145.0s
  ep  32  loss 0.78145  L_gap 0.78145  L_bnd 0.02925  |  MAE_val(macro) 0.53944  lr 1.00e-03  142.7s
  ep  33  loss 0.79246  L_gap 0.79246  L_bnd 0.02877  |  MAE_val(macro) 0.54109  lr 1.00e-03  143.3s
  ep  34  loss 0.77674  L_gap 0.77674  L_bnd 0.02765  |  MAE_val(macro) 0.54116  lr 1.00e-03  142.4s
  ep  35  loss 0.78850  L_gap 0.78850  L_bnd 0.02791  |  MAE_val(macro) 0.54160  lr 1.00e-03  145.3s
  ep  36  loss 0.79117  L_gap 0.79117  L_bnd 0.02672  |  MAE_val(macro) 0.54196  lr 1.00e-03  115.2s
  ep  37  loss 0.78170  L_gap 0.78170  L_bnd 0.02734  |  MAE_val(macro) 0.54598  lr 1.00e-03  116.8s
  ep  38  loss 0.78479  L_gap 0.78479  L_bnd 0.02650  |  MAE_val(macro) 0.54358  lr 5.00e-04  116.8s
  ep  39  loss 0.77114  L_gap 0.77114  L_bnd 0.02431  |  MAE_val(macro) 0.53576  lr 5.00e-04  117.6s
  ep  40  loss 0.77072  L_gap 0.77072  L_bnd 0.02391  |  MAE_val(macro) 0.53354  lr 5.00e-04  116.8s
  ep  41  loss 0.76964  L_gap 0.76964  L_bnd 0.02372  |  MAE_val(macro) 0.53606  lr 5.00e-04  119.1s
  ep  42  loss 0.76640  L_gap 0.76640  L_bnd 0.02360  |  MAE_val(macro) 0.53254  lr 5.00e-04  117.1s
  ep  43  loss 0.77684  L_gap 0.77684  L_bnd 0.02352  |  MAE_val(macro) 0.53050  lr 5.00e-04  117.4s
  ep  44  loss 0.77210  L_gap 0.77210  L_bnd 0.02329  |  MAE_val(macro) 0.53421  lr 5.00e-04  118.4s
  ep  45  loss 0.77007  L_gap 0.77007  L_bnd 0.02333  |  MAE_val(macro) 0.53457  lr 5.00e-04  114.9s
  ep  46  loss 0.76869  L_gap 0.76869  L_bnd 0.02297  |  MAE_val(macro) 0.53832  lr 5.00e-04  123.5s
  ep  47  loss 0.77043  L_gap 0.77043  L_bnd 0.02264  |  MAE_val(macro) 0.53095  lr 5.00e-04  128.2s
  ep  48  loss 0.77707  L_gap 0.77707  L_bnd 0.02312  |  MAE_val(macro) 0.53416  lr 5.00e-04  126.0s
  ep  49  loss 0.77498  L_gap 0.77498  L_bnd 0.02323  |  MAE_val(macro) 0.53506  lr 2.50e-04  137.9s
  ep  50  loss 0.77081  L_gap 0.77081  L_bnd 0.02156  |  MAE_val(macro) 0.52988  lr 2.50e-04  146.3s
  ep  51  loss 0.76957  L_gap 0.76957  L_bnd 0.02075  |  MAE_val(macro) 0.52954  lr 2.50e-04  144.9s
  ep  52  loss 0.75112  L_gap 0.75112  L_bnd 0.02068  |  MAE_val(macro) 0.53062  lr 2.50e-04  143.3s
  ep  53  loss 0.75487  L_gap 0.75487  L_bnd 0.02100  |  MAE_val(macro) 0.53030  lr 2.50e-04  140.0s
  ep  54  loss 0.76770  L_gap 0.76770  L_bnd 0.02082  |  MAE_val(macro) 0.52717  lr 2.50e-04  136.9s
  ep  55  loss 0.77060  L_gap 0.77060  L_bnd 0.02103  |  MAE_val(macro) 0.53447  lr 2.50e-04  140.8s
  ep  56  loss 0.76955  L_gap 0.76955  L_bnd 0.02121  |  MAE_val(macro) 0.52993  lr 2.50e-04  145.5s
  ep  57  loss 0.76101  L_gap 0.76101  L_bnd 0.02073  |  MAE_val(macro) 0.52914  lr 2.50e-04  144.3s
  ep  58  loss 0.76397  L_gap 0.76397  L_bnd 0.02134  |  MAE_val(macro) 0.52996  lr 2.50e-04  142.6s
  ep  59  loss 0.77037  L_gap 0.77037  L_bnd 0.02048  |  MAE_val(macro) 0.52871  lr 2.50e-04  144.4s
  ep  60  loss 0.76137  L_gap 0.76137  L_bnd 0.02050  |  MAE_val(macro) 0.53019  lr 1.25e-04  145.5s
[07:54:16] BAT DAU E5 huan luyen: -u experiments.py e5 --luoi 0 0.1 0.5 1
E5: kiem dinh cheo 5 fold, luoi lambda duoc chi dinh [0.0, 0.1, 0.5, 1.0]
  [co san] e5_f1_lam0
  [co san] e5_f1_lam0.1
  [co san] e5_f1_lam0.5
  [co san] e5_f1_lam1
  fold 1: tot nhat e5_f1_lam1 {'e5_f1_lam0': 0.60793, 'e5_f1_lam0.1': 0.60586, 'e5_f1_lam0.5': 0.60396, 'e5_f1_lam1': 0.59956}
  [co san] e5_f2_lam0
  [co san] e5_f2_lam0.1
  [co san] e5_f2_lam0.5
  [co san] e5_f2_lam1
  fold 2: tot nhat e5_f2_lam1 {'e5_f2_lam0': 0.54231, 'e5_f2_lam0.1': 0.54344, 'e5_f2_lam0.5': 0.54242, 'e5_f2_lam1': 0.54051}
  > D:\nam4_ky1\AI_4_IOT\Module 5 - PROJECT\G6\train.py --id e5_f3_lam0 --lam 0.0 --fold 3
[e5_f3_lam0] device=cpu | train S[1, 2, 3, 4, 5, 6, 12, 13, 14, 15] | val S[10, 11] | lam=0.0 | lstm=True | acc=False
  nap xong: train 41873 cua so, val 9842 cua so (13s)
  tiep tuc tu checkpoint: epoch 61, da chay 144.0 phut truoc do
  ep  61  loss 0.75308  L_gap 0.75308  L_bnd 0.02021  |  MAE_val(macro) 0.52783  lr 1.25e-04  128.1s
  ep  62  loss 0.75723  L_gap 0.75723  L_bnd 0.01955  |  MAE_val(macro) 0.52815  lr 1.25e-04  132.7s
  ep  63  loss 0.77242  L_gap 0.77242  L_bnd 0.01939  |  MAE_val(macro) 0.52831  lr 1.25e-04  130.9s
  ep  64  loss 0.76381  L_gap 0.76381  L_bnd 0.01972  |  MAE_val(macro) 0.52701  lr 1.25e-04  129.8s
  ep  65  loss 0.76529  L_gap 0.76529  L_bnd 0.02015  |  MAE_val(macro) 0.52719  lr 1.25e-04  132.9s
  ep  66  loss 0.75940  L_gap 0.75940  L_bnd 0.01999  |  MAE_val(macro) 0.52803  lr 1.25e-04  132.7s
  ep  67  loss 0.75768  L_gap 0.75768  L_bnd 0.02015  |  MAE_val(macro) 0.52686  lr 1.25e-04  132.7s
  ep  68  loss 0.75976  L_gap 0.75976  L_bnd 0.01945  |  MAE_val(macro) 0.52638  lr 1.25e-04  135.6s
  ep  69  loss 0.76852  L_gap 0.76852  L_bnd 0.01994  |  MAE_val(macro) 0.52950  lr 1.25e-04  135.0s
  ep  70  loss 0.74189  L_gap 0.74189  L_bnd 0.01970  |  MAE_val(macro) 0.52807  lr 1.25e-04  128.0s
  ep  71  loss 0.74385  L_gap 0.74385  L_bnd 0.01921  |  MAE_val(macro) 0.52747  lr 1.25e-04  128.1s
  ep  72  loss 0.74764  L_gap 0.74764  L_bnd 0.01946  |  MAE_val(macro) 0.52824  lr 1.25e-04  123.0s
  ep  73  loss 0.75931  L_gap 0.75931  L_bnd 0.01972  |  MAE_val(macro) 0.52886  lr 1.25e-04  133.4s
  ep  74  loss 0.74724  L_gap 0.74724  L_bnd 0.01945  |  MAE_val(macro) 0.52788  lr 6.25e-05  132.4s
  ep  75  loss 0.75034  L_gap 0.75034  L_bnd 0.01951  |  MAE_val(macro) 0.52629  lr 6.25e-05  134.2s
  ep  76  loss 0.74972  L_gap 0.74972  L_bnd 0.01939  |  MAE_val(macro) 0.52615  lr 6.25e-05  135.6s
  ep  77  loss 0.74638  L_gap 0.74638  L_bnd 0.01913  |  MAE_val(macro) 0.52592  lr 6.25e-05  139.6s
  ep  78  loss 0.75174  L_gap 0.75174  L_bnd 0.01901  |  MAE_val(macro) 0.52659  lr 6.25e-05  122.9s
  ep  79  loss 0.76751  L_gap 0.76751  L_bnd 0.01951  |  MAE_val(macro) 0.52638  lr 6.25e-05  134.3s
  ep  80  loss 0.73703  L_gap 0.73703  L_bnd 0.01908  |  MAE_val(macro) 0.52532  lr 6.25e-05  139.8s
  ep  81  loss 0.73773  L_gap 0.73773  L_bnd 0.01954  |  MAE_val(macro) 0.52756  lr 6.25e-05  135.8s
  ep  82  loss 0.74172  L_gap 0.74172  L_bnd 0.01914  |  MAE_val(macro) 0.52558  lr 6.25e-05  149.1s
  ep  83  loss 0.76353  L_gap 0.76353  L_bnd 0.01938  |  MAE_val(macro) 0.52665  lr 6.25e-05  130.1s
  ep  84  loss 0.74592  L_gap 0.74592  L_bnd 0.01934  |  MAE_val(macro) 0.52603  lr 6.25e-05  136.5s
  ep  85  loss 0.75297  L_gap 0.75297  L_bnd 0.01900  |  MAE_val(macro) 0.52713  lr 6.25e-05  133.3s
  ep  86  loss 0.73847  L_gap 0.73847  L_bnd 0.01924  |  MAE_val(macro) 0.52540  lr 3.13e-05  139.6s
  ep  87  loss 0.74328  L_gap 0.74328  L_bnd 0.01859  |  MAE_val(macro) 0.52584  lr 3.13e-05  134.4s
  ep  88  loss 0.75775  L_gap 0.75775  L_bnd 0.01880  |  MAE_val(macro) 0.52605  lr 3.13e-05  133.6s
  ep  89  loss 0.74664  L_gap 0.74664  L_bnd 0.01856  |  MAE_val(macro) 0.52684  lr 3.13e-05  137.0s
  ep  90  loss 0.73912  L_gap 0.73912  L_bnd 0.01880  |  MAE_val(macro) 0.52625  lr 3.13e-05  135.1s
  early stopping: 10 epoch khong cai thien.
  xong: MAE_val tot nhat 0.52532 tai epoch 80/90, 210.8 phut, 140.5 s/epoch. Ghi e5_f3_lam0.json, e5_f3_lam0.pt
  > D:\nam4_ky1\AI_4_IOT\Module 5 - PROJECT\G6\train.py --id e5_f3_lam0.1 --lam 0.1 --fold 3
[e5_f3_lam0.1] device=cpu | train S[1, 2, 3, 4, 5, 6, 12, 13, 14, 15] | val S[10, 11] | lam=0.1 | lstm=True | acc=False
  nap xong: train 41873 cua so, val 9842 cua so (12s)
  ep   1  loss 1.14091  L_gap 1.12816  L_bnd 0.12748  |  MAE_val(macro) 0.74060  lr 1.00e-03  133.9s
  ep   2  loss 1.02218  L_gap 1.01667  L_bnd 0.05505  |  MAE_val(macro) 0.61517  lr 1.00e-03  136.5s
  ep   3  loss 0.91247  L_gap 0.90798  L_bnd 0.04484  |  MAE_val(macro) 0.59112  lr 1.00e-03  138.7s
  ep   4  loss 0.90759  L_gap 0.90361  L_bnd 0.03979  |  MAE_val(macro) 0.58874  lr 1.00e-03  137.5s
  ep   5  loss 0.88165  L_gap 0.87815  L_bnd 0.03498  |  MAE_val(macro) 0.57471  lr 1.00e-03  138.7s
  ep   6  loss 0.86435  L_gap 0.86105  L_bnd 0.03299  |  MAE_val(macro) 0.57775  lr 1.00e-03  140.3s
  ep   7  loss 0.86915  L_gap 0.86609  L_bnd 0.03060  |  MAE_val(macro) 0.56706  lr 1.00e-03  139.7s
  ep   8  loss 0.85426  L_gap 0.85119  L_bnd 0.03068  |  MAE_val(macro) 0.56728  lr 1.00e-03  140.5s
  ep   9  loss 0.84408  L_gap 0.84126  L_bnd 0.02823  |  MAE_val(macro) 0.57191  lr 1.00e-03  130.7s
  ep  10  loss 0.84580  L_gap 0.84315  L_bnd 0.02653  |  MAE_val(macro) 0.56161  lr 1.00e-03  103.9s
  ep  11  loss 0.85083  L_gap 0.84825  L_bnd 0.02575  |  MAE_val(macro) 0.56259  lr 1.00e-03  105.2s
  ep  12  loss 0.82400  L_gap 0.82145  L_bnd 0.02552  |  MAE_val(macro) 0.55982  lr 1.00e-03  110.9s
  ep  13  loss 0.83911  L_gap 0.83657  L_bnd 0.02545  |  MAE_val(macro) 0.57462  lr 1.00e-03  47.5s
  ep  14  loss 0.83720  L_gap 0.83469  L_bnd 0.02511  |  MAE_val(macro) 0.56083  lr 1.00e-03  78.7s
  ep  15  loss 0.81225  L_gap 0.80987  L_bnd 0.02377  |  MAE_val(macro) 0.55399  lr 1.00e-03  119.9s
  ep  16  loss 0.82011  L_gap 0.81768  L_bnd 0.02435  |  MAE_val(macro) 0.55696  lr 1.00e-03  119.5s
  ep  17  loss 0.83649  L_gap 0.83417  L_bnd 0.02321  |  MAE_val(macro) 0.55214  lr 1.00e-03  118.7s
  ep  18  loss 0.82900  L_gap 0.82674  L_bnd 0.02253  |  MAE_val(macro) 0.56181  lr 1.00e-03  120.1s
  ep  19  loss 0.81518  L_gap 0.81295  L_bnd 0.02233  |  MAE_val(macro) 0.55323  lr 1.00e-03  119.9s
  ep  20  loss 0.82055  L_gap 0.81827  L_bnd 0.02273  |  MAE_val(macro) 0.54742  lr 1.00e-03  114.6s
  ep  21  loss 0.82005  L_gap 0.81791  L_bnd 0.02138  |  MAE_val(macro) 0.56219  lr 1.00e-03  119.6s
  ep  22  loss 0.80931  L_gap 0.80717  L_bnd 0.02139  |  MAE_val(macro) 0.55602  lr 1.00e-03  121.3s
  ep  23  loss 0.81696  L_gap 0.81489  L_bnd 0.02065  |  MAE_val(macro) 0.55014  lr 1.00e-03  122.1s
  ep  24  loss 0.81865  L_gap 0.81656  L_bnd 0.02087  |  MAE_val(macro) 0.54435  lr 1.00e-03  122.3s
  ep  25  loss 0.83284  L_gap 0.83083  L_bnd 0.02014  |  MAE_val(macro) 0.56552  lr 1.00e-03  122.2s
  ep  26  loss 0.81279  L_gap 0.81072  L_bnd 0.02071  |  MAE_val(macro) 0.55164  lr 1.00e-03  119.8s
  ep  27  loss 0.81027  L_gap 0.80838  L_bnd 0.01890  |  MAE_val(macro) 0.54104  lr 1.00e-03  122.8s
  ep  28  loss 0.80646  L_gap 0.80453  L_bnd 0.01927  |  MAE_val(macro) 0.53996  lr 1.00e-03  123.8s
  ep  29  loss 0.79270  L_gap 0.79085  L_bnd 0.01848  |  MAE_val(macro) 0.54187  lr 1.00e-03  121.7s
  ep  30  loss 0.81266  L_gap 0.81080  L_bnd 0.01856  |  MAE_val(macro) 0.55374  lr 1.00e-03  128.6s
  ep  31  loss 0.79475  L_gap 0.79294  L_bnd 0.01810  |  MAE_val(macro) 0.54725  lr 1.00e-03  139.6s
  ep  32  loss 0.78434  L_gap 0.78250  L_bnd 0.01841  |  MAE_val(macro) 0.54168  lr 1.00e-03  140.4s
  ep  33  loss 0.79395  L_gap 0.79211  L_bnd 0.01840  |  MAE_val(macro) 0.54048  lr 1.00e-03  137.7s
  ep  34  loss 0.77925  L_gap 0.77749  L_bnd 0.01764  |  MAE_val(macro) 0.54037  lr 5.00e-04  138.3s
  ep  35  loss 0.78132  L_gap 0.77980  L_bnd 0.01514  |  MAE_val(macro) 0.53610  lr 5.00e-04  140.3s
  ep  36  loss 0.78545  L_gap 0.78398  L_bnd 0.01465  |  MAE_val(macro) 0.53423  lr 5.00e-04  140.1s
  ep  37  loss 0.77603  L_gap 0.77457  L_bnd 0.01463  |  MAE_val(macro) 0.53938  lr 5.00e-04  140.9s
  ep  38  loss 0.77905  L_gap 0.77761  L_bnd 0.01434  |  MAE_val(macro) 0.53793  lr 5.00e-04  140.0s
  ep  39  loss 0.77290  L_gap 0.77146  L_bnd 0.01442  |  MAE_val(macro) 0.53766  lr 5.00e-04  139.1s
  ep  40  loss 0.77331  L_gap 0.77187  L_bnd 0.01437  |  MAE_val(macro) 0.53359  lr 5.00e-04  134.3s
  ep  41  loss 0.77285  L_gap 0.77144  L_bnd 0.01415  |  MAE_val(macro) 0.53710  lr 5.00e-04  137.6s
  ep  42  loss 0.76922  L_gap 0.76782  L_bnd 0.01399  |  MAE_val(macro) 0.53005  lr 5.00e-04  137.2s
  ep  43  loss 0.78083  L_gap 0.77944  L_bnd 0.01391  |  MAE_val(macro) 0.53109  lr 5.00e-04  140.4s
  ep  44  loss 0.77487  L_gap 0.77352  L_bnd 0.01344  |  MAE_val(macro) 0.53300  lr 5.00e-04  140.4s
  ep  45  loss 0.77386  L_gap 0.77248  L_bnd 0.01382  |  MAE_val(macro) 0.53378  lr 5.00e-04  139.4s
  ep  46  loss 0.77159  L_gap 0.77025  L_bnd 0.01340  |  MAE_val(macro) 0.53655  lr 5.00e-04  140.8s
  ep  47  loss 0.77408  L_gap 0.77276  L_bnd 0.01319  |  MAE_val(macro) 0.53121  lr 5.00e-04  141.3s
  ep  48  loss 0.78164  L_gap 0.78028  L_bnd 0.01356  |  MAE_val(macro) 0.53468  lr 2.50e-04  143.5s
  ep  49  loss 0.77339  L_gap 0.77213  L_bnd 0.01262  |  MAE_val(macro) 0.52976  lr 2.50e-04  143.4s
  ep  50  loss 0.77336  L_gap 0.77216  L_bnd 0.01207  |  MAE_val(macro) 0.53021  lr 2.50e-04  143.1s
  ep  51  loss 0.77199  L_gap 0.77082  L_bnd 0.01173  |  MAE_val(macro) 0.53032  lr 2.50e-04  142.7s
  ep  52  loss 0.75460  L_gap 0.75342  L_bnd 0.01178  |  MAE_val(macro) 0.53022  lr 2.50e-04  141.9s
  ep  53  loss 0.75778  L_gap 0.75658  L_bnd 0.01204  |  MAE_val(macro) 0.53061  lr 2.50e-04  140.3s
  ep  54  loss 0.77039  L_gap 0.76918  L_bnd 0.01211  |  MAE_val(macro) 0.52736  lr 2.50e-04  140.2s
  ep  55  loss 0.77341  L_gap 0.77224  L_bnd 0.01171  |  MAE_val(macro) 0.53470  lr 2.50e-04  141.1s
  ep  56  loss 0.77295  L_gap 0.77176  L_bnd 0.01197  |  MAE_val(macro) 0.52970  lr 2.50e-04  141.1s
  ep  57  loss 0.76476  L_gap 0.76358  L_bnd 0.01178  |  MAE_val(macro) 0.52786  lr 2.50e-04  139.7s
  ep  58  loss 0.76725  L_gap 0.76603  L_bnd 0.01213  |  MAE_val(macro) 0.52805  lr 2.50e-04  140.1s
  ep  59  loss 0.77282  L_gap 0.77168  L_bnd 0.01140  |  MAE_val(macro) 0.53050  lr 2.50e-04  141.2s
  ep  60  loss 0.76486  L_gap 0.76370  L_bnd 0.01154  |  MAE_val(macro) 0.53025  lr 1.25e-04  140.0s
  ep  61  loss 0.75672  L_gap 0.75562  L_bnd 0.01102  |  MAE_val(macro) 0.52788  lr 1.25e-04  144.7s
  ep  62  loss 0.76073  L_gap 0.75963  L_bnd 0.01102  |  MAE_val(macro) 0.52792  lr 1.25e-04  141.6s
  ep  63  loss 0.77581  L_gap 0.77474  L_bnd 0.01075  |  MAE_val(macro) 0.52657  lr 1.25e-04  133.9s
[12:31:28] BAT DAU E5 huan luyen: -u experiments.py e5 --luoi 0 0.1 0.5 1
E5: kiem dinh cheo 5 fold, luoi lambda duoc chi dinh [0.0, 0.1, 0.5, 1.0]
  [co san] e5_f1_lam0
  [co san] e5_f1_lam0.1
  [co san] e5_f1_lam0.5
  [co san] e5_f1_lam1
  fold 1: tot nhat e5_f1_lam1 {'e5_f1_lam0': 0.60793, 'e5_f1_lam0.1': 0.60586, 'e5_f1_lam0.5': 0.60396, 'e5_f1_lam1': 0.59956}
  [co san] e5_f2_lam0
  [co san] e5_f2_lam0.1
  [co san] e5_f2_lam0.5
  [co san] e5_f2_lam1
  fold 2: tot nhat e5_f2_lam1 {'e5_f2_lam0': 0.54231, 'e5_f2_lam0.1': 0.54344, 'e5_f2_lam0.5': 0.54242, 'e5_f2_lam1': 0.54051}
  [co san] e5_f3_lam0
  > D:\nam4_ky1\AI_4_IOT\Module 5 - PROJECT\G6\train.py --id e5_f3_lam0.1 --lam 0.1 --fold 3
[e5_f3_lam0.1] device=cpu | train S[1, 2, 3, 4, 5, 6, 12, 13, 14, 15] | val S[10, 11] | lam=0.1 | lstm=True | acc=False
  nap xong: train 41873 cua so, val 9842 cua so (16s)
  tiep tuc tu checkpoint: epoch 64, da chay 137.5 phut truoc do
  ep  64  loss 0.76750  L_gap 0.76640  L_bnd 0.01097  |  MAE_val(macro) 0.52684  lr 1.25e-04  138.1s
  ep  65  loss 0.76914  L_gap 0.76804  L_bnd 0.01103  |  MAE_val(macro) 0.52743  lr 1.25e-04  134.0s
  ep  66  loss 0.76293  L_gap 0.76184  L_bnd 0.01097  |  MAE_val(macro) 0.52754  lr 1.25e-04  134.1s
  ep  67  loss 0.76174  L_gap 0.76065  L_bnd 0.01098  |  MAE_val(macro) 0.52609  lr 1.25e-04  128.4s
  ep  68  loss 0.76266  L_gap 0.76160  L_bnd 0.01066  |  MAE_val(macro) 0.52647  lr 1.25e-04  130.8s
  ep  69  loss 0.77214  L_gap 0.77105  L_bnd 0.01093  |  MAE_val(macro) 0.52902  lr 1.25e-04  131.8s
  ep  70  loss 0.74483  L_gap 0.74377  L_bnd 0.01064  |  MAE_val(macro) 0.52731  lr 1.25e-04  132.2s
  ep  71  loss 0.74714  L_gap 0.74609  L_bnd 0.01051  |  MAE_val(macro) 0.52657  lr 1.25e-04  132.6s
  ep  72  loss 0.75057  L_gap 0.74951  L_bnd 0.01054  |  MAE_val(macro) 0.52896  lr 1.25e-04  134.0s
  ep  73  loss 0.76288  L_gap 0.76179  L_bnd 0.01086  |  MAE_val(macro) 0.52913  lr 6.25e-05  131.6s
  ep  74  loss 0.74885  L_gap 0.74781  L_bnd 0.01045  |  MAE_val(macro) 0.52751  lr 6.25e-05  131.6s
  ep  75  loss 0.75383  L_gap 0.75278  L_bnd 0.01057  |  MAE_val(macro) 0.52590  lr 6.25e-05  131.0s
  ep  76  loss 0.75268  L_gap 0.75163  L_bnd 0.01052  |  MAE_val(macro) 0.52656  lr 6.25e-05  132.2s
  ep  77  loss 0.74960  L_gap 0.74856  L_bnd 0.01032  |  MAE_val(macro) 0.52670  lr 6.25e-05  131.4s
  ep  78  loss 0.75520  L_gap 0.75413  L_bnd 0.01065  |  MAE_val(macro) 0.52579  lr 6.25e-05  132.4s
  ep  79  loss 0.77083  L_gap 0.76977  L_bnd 0.01060  |  MAE_val(macro) 0.52625  lr 6.25e-05  133.0s
  ep  80  loss 0.74050  L_gap 0.73947  L_bnd 0.01030  |  MAE_val(macro) 0.52536  lr 6.25e-05  132.1s
  ep  81  loss 0.74075  L_gap 0.73968  L_bnd 0.01067  |  MAE_val(macro) 0.52745  lr 6.25e-05  132.3s
  ep  82  loss 0.74564  L_gap 0.74461  L_bnd 0.01023  |  MAE_val(macro) 0.52581  lr 6.25e-05  132.3s
  ep  83  loss 0.76742  L_gap 0.76637  L_bnd 0.01054  |  MAE_val(macro) 0.52662  lr 6.25e-05  131.2s
  ep  84  loss 0.74852  L_gap 0.74746  L_bnd 0.01056  |  MAE_val(macro) 0.52626  lr 6.25e-05  131.1s
  ep  85  loss 0.75556  L_gap 0.75453  L_bnd 0.01029  |  MAE_val(macro) 0.52805  lr 6.25e-05  132.2s
  ep  86  loss 0.74206  L_gap 0.74102  L_bnd 0.01038  |  MAE_val(macro) 0.52589  lr 3.13e-05  131.3s
  ep  87  loss 0.74713  L_gap 0.74611  L_bnd 0.01018  |  MAE_val(macro) 0.52637  lr 3.13e-05  130.4s
  ep  88  loss 0.76104  L_gap 0.76002  L_bnd 0.01021  |  MAE_val(macro) 0.52637  lr 3.13e-05  130.7s
  ep  89  loss 0.74878  L_gap 0.74776  L_bnd 0.01018  |  MAE_val(macro) 0.52710  lr 3.13e-05  130.9s
  ep  90  loss 0.74202  L_gap 0.74101  L_bnd 0.01013  |  MAE_val(macro) 0.52657  lr 3.13e-05  132.9s
  early stopping: 10 epoch khong cai thien.
  xong: MAE_val tot nhat 0.52536 tai epoch 80/90, 196.9 phut, 131.3 s/epoch. Ghi e5_f3_lam0.1.json, e5_f3_lam0.1.pt
  > D:\nam4_ky1\AI_4_IOT\Module 5 - PROJECT\G6\train.py --id e5_f3_lam0.5 --lam 0.5 --fold 3
[e5_f3_lam0.5] device=cpu | train S[1, 2, 3, 4, 5, 6, 12, 13, 14, 15] | val S[10, 11] | lam=0.5 | lstm=True | acc=False
  nap xong: train 41873 cua so, val 9842 cua so (13s)
  ep   1  loss 1.18015  L_gap 1.13025  L_bnd 0.09979  |  MAE_val(macro) 0.72985  lr 1.00e-03  134.2s
  ep   2  loss 1.09826  L_gap 1.08415  L_bnd 0.02822  |  MAE_val(macro) 0.70849  lr 1.00e-03  135.2s
  ep   3  loss 0.98060  L_gap 0.96546  L_bnd 0.03029  |  MAE_val(macro) 0.59699  lr 1.00e-03  135.0s
  ep   4  loss 0.93378  L_gap 0.92082  L_bnd 0.02592  |  MAE_val(macro) 0.58982  lr 1.00e-03  139.6s
  ep   5  loss 0.89758  L_gap 0.88657  L_bnd 0.02202  |  MAE_val(macro) 0.57608  lr 1.00e-03  137.1s
  ep   6  loss 0.87863  L_gap 0.86845  L_bnd 0.02035  |  MAE_val(macro) 0.57746  lr 1.00e-03  137.4s
  ep   7  loss 0.88043  L_gap 0.87098  L_bnd 0.01891  |  MAE_val(macro) 0.57120  lr 1.00e-03  138.8s
  ep   8  loss 0.86381  L_gap 0.85452  L_bnd 0.01858  |  MAE_val(macro) 0.56921  lr 1.00e-03  138.6s
  ep   9  loss 0.85096  L_gap 0.84299  L_bnd 0.01593  |  MAE_val(macro) 0.56749  lr 1.00e-03  139.9s
  ep  10  loss 0.85360  L_gap 0.84579  L_bnd 0.01561  |  MAE_val(macro) 0.56231  lr 1.00e-03  139.7s
  ep  11  loss 0.85707  L_gap 0.84930  L_bnd 0.01555  |  MAE_val(macro) 0.56748  lr 1.00e-03  137.6s
  ep  12  loss 0.82991  L_gap 0.82254  L_bnd 0.01474  |  MAE_val(macro) 0.56162  lr 1.00e-03  137.6s
  ep  13  loss 0.84517  L_gap 0.83789  L_bnd 0.01455  |  MAE_val(macro) 0.57059  lr 1.00e-03  138.1s
  ep  14  loss 0.84178  L_gap 0.83460  L_bnd 0.01436  |  MAE_val(macro) 0.56038  lr 1.00e-03  140.2s
  ep  15  loss 0.81770  L_gap 0.81090  L_bnd 0.01359  |  MAE_val(macro) 0.55295  lr 1.00e-03  137.9s
  ep  16  loss 0.82435  L_gap 0.81739  L_bnd 0.01392  |  MAE_val(macro) 0.55102  lr 1.00e-03  140.1s
  ep  17  loss 0.84103  L_gap 0.83442  L_bnd 0.01324  |  MAE_val(macro) 0.54914  lr 1.00e-03  137.9s
  ep  18  loss 0.83269  L_gap 0.82651  L_bnd 0.01236  |  MAE_val(macro) 0.55217  lr 1.00e-03  139.8s
  ep  19  loss 0.81834  L_gap 0.81213  L_bnd 0.01242  |  MAE_val(macro) 0.55203  lr 1.00e-03  138.3s
  ep  20  loss 0.82434  L_gap 0.81828  L_bnd 0.01213  |  MAE_val(macro) 0.54744  lr 1.00e-03  138.3s
  ep  21  loss 0.82389  L_gap 0.81794  L_bnd 0.01190  |  MAE_val(macro) 0.55712  lr 1.00e-03  139.4s
  ep  22  loss 0.81182  L_gap 0.80608  L_bnd 0.01147  |  MAE_val(macro) 0.55270  lr 1.00e-03  139.8s
  ep  23  loss 0.81909  L_gap 0.81349  L_bnd 0.01120  |  MAE_val(macro) 0.55124  lr 1.00e-03  139.9s
  ep  24  loss 0.82208  L_gap 0.81653  L_bnd 0.01109  |  MAE_val(macro) 0.54689  lr 1.00e-03  136.5s
  ep  25  loss 0.83714  L_gap 0.83183  L_bnd 0.01062  |  MAE_val(macro) 0.56492  lr 1.00e-03  143.4s
  ep  26  loss 0.81407  L_gap 0.80875  L_bnd 0.01063  |  MAE_val(macro) 0.55452  lr 1.00e-03  141.1s
  ep  27  loss 0.81370  L_gap 0.80875  L_bnd 0.00990  |  MAE_val(macro) 0.54452  lr 1.00e-03  140.6s
  ep  28  loss 0.80859  L_gap 0.80358  L_bnd 0.01002  |  MAE_val(macro) 0.53870  lr 1.00e-03  140.6s
  ep  29  loss 0.79654  L_gap 0.79147  L_bnd 0.01015  |  MAE_val(macro) 0.53849  lr 1.00e-03  144.6s
  ep  30  loss 0.81722  L_gap 0.81218  L_bnd 0.01009  |  MAE_val(macro) 0.54851  lr 1.00e-03  144.4s
  ep  31  loss 0.79794  L_gap 0.79306  L_bnd 0.00975  |  MAE_val(macro) 0.54138  lr 1.00e-03  139.7s
  ep  32  loss 0.78810  L_gap 0.78323  L_bnd 0.00975  |  MAE_val(macro) 0.53808  lr 1.00e-03  140.0s
  ep  33  loss 0.79858  L_gap 0.79364  L_bnd 0.00988  |  MAE_val(macro) 0.53879  lr 1.00e-03  136.4s
  ep  34  loss 0.78274  L_gap 0.77818  L_bnd 0.00912  |  MAE_val(macro) 0.53737  lr 1.00e-03  146.6s
  ep  35  loss 0.79437  L_gap 0.78958  L_bnd 0.00957  |  MAE_val(macro) 0.53745  lr 1.00e-03  142.7s
  ep  36  loss 0.79752  L_gap 0.79299  L_bnd 0.00905  |  MAE_val(macro) 0.54604  lr 1.00e-03  139.6s
  ep  37  loss 0.78773  L_gap 0.78334  L_bnd 0.00879  |  MAE_val(macro) 0.53746  lr 1.00e-03  140.0s
  ep  38  loss 0.79052  L_gap 0.78607  L_bnd 0.00890  |  MAE_val(macro) 0.54199  lr 1.00e-03  141.8s
  ep  39  loss 0.78458  L_gap 0.78027  L_bnd 0.00862  |  MAE_val(macro) 0.53809  lr 1.00e-03  141.7s
  ep  40  loss 0.78484  L_gap 0.78029  L_bnd 0.00909  |  MAE_val(macro) 0.53835  lr 5.00e-04  142.5s
  ep  41  loss 0.77594  L_gap 0.77246  L_bnd 0.00696  |  MAE_val(macro) 0.53110  lr 5.00e-04  139.9s
  ep  42  loss 0.77037  L_gap 0.76691  L_bnd 0.00691  |  MAE_val(macro) 0.52756  lr 5.00e-04  136.3s
  ep  43  loss 0.78281  L_gap 0.77931  L_bnd 0.00700  |  MAE_val(macro) 0.52965  lr 5.00e-04  139.9s
  ep  44  loss 0.77657  L_gap 0.77312  L_bnd 0.00690  |  MAE_val(macro) 0.53106  lr 5.00e-04  140.5s
  ep  45  loss 0.77544  L_gap 0.77199  L_bnd 0.00691  |  MAE_val(macro) 0.53010  lr 5.00e-04  140.4s
  ep  46  loss 0.77327  L_gap 0.76985  L_bnd 0.00684  |  MAE_val(macro) 0.53424  lr 5.00e-04  140.5s
  ep  47  loss 0.77506  L_gap 0.77163  L_bnd 0.00685  |  MAE_val(macro) 0.52970  lr 5.00e-04  140.4s
  ep  48  loss 0.78166  L_gap 0.77824  L_bnd 0.00684  |  MAE_val(macro) 0.53144  lr 2.50e-04  140.3s
  ep  49  loss 0.77543  L_gap 0.77240  L_bnd 0.00605  |  MAE_val(macro) 0.52662  lr 2.50e-04  140.0s
  ep  50  loss 0.77502  L_gap 0.77211  L_bnd 0.00583  |  MAE_val(macro) 0.52677  lr 2.50e-04  139.3s
  ep  51  loss 0.77371  L_gap 0.77087  L_bnd 0.00568  |  MAE_val(macro) 0.52720  lr 2.50e-04  135.3s
  ep  52  loss 0.75603  L_gap 0.75319  L_bnd 0.00566  |  MAE_val(macro) 0.52704  lr 2.50e-04  143.1s
  ep  53  loss 0.75889  L_gap 0.75604  L_bnd 0.00570  |  MAE_val(macro) 0.52755  lr 2.50e-04  138.5s
  ep  54  loss 0.77221  L_gap 0.76938  L_bnd 0.00566  |  MAE_val(macro) 0.52501  lr 2.50e-04  142.0s
  ep  55  loss 0.77548  L_gap 0.77264  L_bnd 0.00568  |  MAE_val(macro) 0.53323  lr 2.50e-04  141.0s
  ep  56  loss 0.77443  L_gap 0.77150  L_bnd 0.00585  |  MAE_val(macro) 0.52735  lr 2.50e-04  140.6s
  ep  57  loss 0.76509  L_gap 0.76222  L_bnd 0.00573  |  MAE_val(macro) 0.52631  lr 2.50e-04  140.5s
  ep  58  loss 0.76805  L_gap 0.76509  L_bnd 0.00592  |  MAE_val(macro) 0.52727  lr 2.50e-04  148.3s
  ep  59  loss 0.77493  L_gap 0.77213  L_bnd 0.00560  |  MAE_val(macro) 0.52693  lr 2.50e-04  141.2s
  ep  60  loss 0.76558  L_gap 0.76278  L_bnd 0.00561  |  MAE_val(macro) 0.52672  lr 1.25e-04  160.3s
  ep  61  loss 0.75789  L_gap 0.75529  L_bnd 0.00519  |  MAE_val(macro) 0.52577  lr 1.25e-04  140.9s
  ep  62  loss 0.76210  L_gap 0.75949  L_bnd 0.00523  |  MAE_val(macro) 0.52586  lr 1.25e-04  138.6s
  ep  63  loss 0.77698  L_gap 0.77436  L_bnd 0.00526  |  MAE_val(macro) 0.52445  lr 1.25e-04  146.3s
  ep  64  loss 0.76812  L_gap 0.76553  L_bnd 0.00516  |  MAE_val(macro) 0.52459  lr 1.25e-04  141.4s
  ep  65  loss 0.77060  L_gap 0.76801  L_bnd 0.00518  |  MAE_val(macro) 0.52524  lr 1.25e-04  142.8s
  ep  66  loss 0.76294  L_gap 0.76037  L_bnd 0.00513  |  MAE_val(macro) 0.52487  lr 1.25e-04  142.2s
  ep  67  loss 0.76282  L_gap 0.76026  L_bnd 0.00514  |  MAE_val(macro) 0.52414  lr 1.25e-04  143.6s
  ep  68  loss 0.76372  L_gap 0.76117  L_bnd 0.00510  |  MAE_val(macro) 0.52374  lr 1.25e-04  144.3s
  ep  69  loss 0.77321  L_gap 0.77063  L_bnd 0.00516  |  MAE_val(macro) 0.52582  lr 1.25e-04  136.2s
  ep  70  loss 0.74697  L_gap 0.74448  L_bnd 0.00498  |  MAE_val(macro) 0.52419  lr 1.25e-04  141.2s
  ep  71  loss 0.74797  L_gap 0.74546  L_bnd 0.00502  |  MAE_val(macro) 0.52391  lr 1.25e-04  139.7s
  ep  72  loss 0.75235  L_gap 0.74989  L_bnd 0.00491  |  MAE_val(macro) 0.52541  lr 1.25e-04  138.3s
  ep  73  loss 0.76423  L_gap 0.76165  L_bnd 0.00515  |  MAE_val(macro) 0.52577  lr 1.25e-04  130.6s
  ep  74  loss 0.75097  L_gap 0.74846  L_bnd 0.00502  |  MAE_val(macro) 0.52653  lr 6.25e-05  137.5s
  ep  75  loss 0.75514  L_gap 0.75270  L_bnd 0.00488  |  MAE_val(macro) 0.52386  lr 6.25e-05  137.5s
  ep  76  loss 0.75404  L_gap 0.75155  L_bnd 0.00498  |  MAE_val(macro) 0.52384  lr 6.25e-05  139.6s
  ep  77  loss 0.75152  L_gap 0.74911  L_bnd 0.00482  |  MAE_val(macro) 0.52291  lr 6.25e-05  139.0s
  ep  78  loss 0.75651  L_gap 0.75405  L_bnd 0.00491  |  MAE_val(macro) 0.52361  lr 6.25e-05  136.5s
  ep  79  loss 0.77235  L_gap 0.76990  L_bnd 0.00490  |  MAE_val(macro) 0.52416  lr 6.25e-05  136.5s
  ep  80  loss 0.74042  L_gap 0.73801  L_bnd 0.00480  |  MAE_val(macro) 0.52258  lr 6.25e-05  139.4s
  ep  81  loss 0.74219  L_gap 0.73968  L_bnd 0.00501  |  MAE_val(macro) 0.52433  lr 6.25e-05  141.8s
  ep  82  loss 0.74618  L_gap 0.74377  L_bnd 0.00482  |  MAE_val(macro) 0.52280  lr 6.25e-05  146.0s
  ep  83  loss 0.76938  L_gap 0.76696  L_bnd 0.00484  |  MAE_val(macro) 0.52379  lr 6.25e-05  146.9s
  ep  84  loss 0.74992  L_gap 0.74751  L_bnd 0.00481  |  MAE_val(macro) 0.52323  lr 6.25e-05  147.5s
  ep  85  loss 0.75734  L_gap 0.75492  L_bnd 0.00484  |  MAE_val(macro) 0.52340  lr 6.25e-05  150.4s
  ep  86  loss 0.74233  L_gap 0.73988  L_bnd 0.00490  |  MAE_val(macro) 0.52302  lr 3.13e-05  152.2s
  ep  87  loss 0.74907  L_gap 0.74669  L_bnd 0.00476  |  MAE_val(macro) 0.52322  lr 3.13e-05  145.7s
  ep  88  loss 0.76312  L_gap 0.76075  L_bnd 0.00473  |  MAE_val(macro) 0.52335  lr 3.13e-05  140.7s
  ep  89  loss 0.75035  L_gap 0.74796  L_bnd 0.00478  |  MAE_val(macro) 0.52373  lr 3.13e-05  144.4s
  ep  90  loss 0.74293  L_gap 0.74056  L_bnd 0.00474  |  MAE_val(macro) 0.52289  lr 3.13e-05  145.9s
  early stopping: 10 epoch khong cai thien.
  xong: MAE_val tot nhat 0.52258 tai epoch 80/90, 211.1 phut, 140.7 s/epoch. Ghi e5_f3_lam0.5.json, e5_f3_lam0.5.pt
  > D:\nam4_ky1\AI_4_IOT\Module 5 - PROJECT\G6\train.py --id e5_f3_lam1 --lam 1.0 --fold 3
[e5_f3_lam1] device=cpu | train S[1, 2, 3, 4, 5, 6, 12, 13, 14, 15] | val S[10, 11] | lam=1.0 | lstm=True | acc=False
  nap xong: train 41873 cua so, val 9842 cua so (12s)
  ep   1  loss 1.22354  L_gap 1.13445  L_bnd 0.08909  |  MAE_val(macro) 0.73088  lr 1.00e-03  134.0s
  ep   2  loss 1.11171  L_gap 1.09033  L_bnd 0.02138  |  MAE_val(macro) 0.71597  lr 1.00e-03  137.0s
  ep   3  loss 1.05336  L_gap 1.03311  L_bnd 0.02025  |  MAE_val(macro) 0.64293  lr 1.00e-03  135.2s
  ep   4  loss 0.97870  L_gap 0.95758  L_bnd 0.02111  |  MAE_val(macro) 0.60687  lr 1.00e-03  138.8s
  ep   5  loss 0.92108  L_gap 0.90390  L_bnd 0.01719  |  MAE_val(macro) 0.58333  lr 1.00e-03  138.4s
  ep   6  loss 0.89667  L_gap 0.88068  L_bnd 0.01599  |  MAE_val(macro) 0.58337  lr 1.00e-03  133.3s
  ep   7  loss 0.89555  L_gap 0.88054  L_bnd 0.01500  |  MAE_val(macro) 0.57560  lr 1.00e-03  138.2s
  ep   8  loss 0.87492  L_gap 0.86105  L_bnd 0.01387  |  MAE_val(macro) 0.57344  lr 1.00e-03  144.2s
  ep   9  loss 0.86063  L_gap 0.84820  L_bnd 0.01243  |  MAE_val(macro) 0.56831  lr 1.00e-03  145.4s
  ep  10  loss 0.86210  L_gap 0.85023  L_bnd 0.01187  |  MAE_val(macro) 0.55999  lr 1.00e-03  146.4s
  ep  11  loss 0.86456  L_gap 0.85311  L_bnd 0.01146  |  MAE_val(macro) 0.57677  lr 1.00e-03  146.2s
  ep  12  loss 0.83732  L_gap 0.82616  L_bnd 0.01115  |  MAE_val(macro) 0.56464  lr 1.00e-03  154.1s
  ep  13  loss 0.85330  L_gap 0.84246  L_bnd 0.01084  |  MAE_val(macro) 0.56078  lr 1.00e-03  140.2s
  ep  14  loss 0.84650  L_gap 0.83620  L_bnd 0.01031  |  MAE_val(macro) 0.55687  lr 1.00e-03  137.0s
  ep  15  loss 0.82226  L_gap 0.81224  L_bnd 0.01002  |  MAE_val(macro) 0.55962  lr 1.00e-03  135.4s
  ep  16  loss 0.82907  L_gap 0.81892  L_bnd 0.01015  |  MAE_val(macro) 0.55278  lr 1.00e-03  137.8s
  ep  17  loss 0.84582  L_gap 0.83618  L_bnd 0.00964  |  MAE_val(macro) 0.55170  lr 1.00e-03  141.2s
  ep  18  loss 0.83835  L_gap 0.82936  L_bnd 0.00899  |  MAE_val(macro) 0.55283  lr 1.00e-03  138.6s
  ep  19  loss 0.82486  L_gap 0.81550  L_bnd 0.00936  |  MAE_val(macro) 0.54872  lr 1.00e-03  133.4s
  ep  20  loss 0.82831  L_gap 0.81938  L_bnd 0.00893  |  MAE_val(macro) 0.54760  lr 1.00e-03  136.0s
  ep  21  loss 0.82914  L_gap 0.82022  L_bnd 0.00892  |  MAE_val(macro) 0.55334  lr 1.00e-03  137.6s
  ep  22  loss 0.81664  L_gap 0.80798  L_bnd 0.00866  |  MAE_val(macro) 0.55032  lr 1.00e-03  141.4s
  ep  23  loss 0.82408  L_gap 0.81577  L_bnd 0.00831  |  MAE_val(macro) 0.54942  lr 1.00e-03  140.9s
  ep  24  loss 0.82680  L_gap 0.81858  L_bnd 0.00822  |  MAE_val(macro) 0.54330  lr 1.00e-03  135.3s
  ep  25  loss 0.84051  L_gap 0.83260  L_bnd 0.00791  |  MAE_val(macro) 0.55824  lr 1.00e-03  142.8s
  ep  26  loss 0.81815  L_gap 0.81014  L_bnd 0.00801  |  MAE_val(macro) 0.55337  lr 1.00e-03  142.3s
  ep  27  loss 0.81718  L_gap 0.80970  L_bnd 0.00748  |  MAE_val(macro) 0.54311  lr 1.00e-03  141.4s
  ep  28  loss 0.81295  L_gap 0.80545  L_bnd 0.00751  |  MAE_val(macro) 0.53942  lr 1.00e-03  140.6s
  ep  29  loss 0.79919  L_gap 0.79174  L_bnd 0.00745  |  MAE_val(macro) 0.54056  lr 1.00e-03  142.3s
  ep  30  loss 0.81998  L_gap 0.81233  L_bnd 0.00765  |  MAE_val(macro) 0.55077  lr 1.00e-03  141.8s
  ep  31  loss 0.80269  L_gap 0.79526  L_bnd 0.00743  |  MAE_val(macro) 0.54095  lr 1.00e-03  140.1s
  ep  32  loss 0.78951  L_gap 0.78264  L_bnd 0.00687  |  MAE_val(macro) 0.53759  lr 1.00e-03  142.3s
  ep  33  loss 0.80105  L_gap 0.79384  L_bnd 0.00722  |  MAE_val(macro) 0.54030  lr 1.00e-03  137.3s
  ep  34  loss 0.78507  L_gap 0.77821  L_bnd 0.00686  |  MAE_val(macro) 0.53944  lr 1.00e-03  141.4s
  ep  35  loss 0.79595  L_gap 0.78906  L_bnd 0.00689  |  MAE_val(macro) 0.53619  lr 1.00e-03  141.3s
  ep  36  loss 0.79955  L_gap 0.79306  L_bnd 0.00649  |  MAE_val(macro) 0.54303  lr 1.00e-03  141.8s
  ep  37  loss 0.78990  L_gap 0.78326  L_bnd 0.00665  |  MAE_val(macro) 0.53942  lr 1.00e-03  143.1s
  ep  38  loss 0.79241  L_gap 0.78599  L_bnd 0.00642  |  MAE_val(macro) 0.53899  lr 1.00e-03  142.3s
  ep  39  loss 0.78737  L_gap 0.78089  L_bnd 0.00648  |  MAE_val(macro) 0.54052  lr 1.00e-03  141.0s
  ep  40  loss 0.78662  L_gap 0.78001  L_bnd 0.00661  |  MAE_val(macro) 0.54106  lr 1.00e-03  141.1s
  ep  41  loss 0.78622  L_gap 0.77979  L_bnd 0.00643  |  MAE_val(macro) 0.53936  lr 5.00e-04  141.1s
  ep  42  loss 0.77198  L_gap 0.76681  L_bnd 0.00517  |  MAE_val(macro) 0.52782  lr 5.00e-04  142.5s
  ep  43  loss 0.78337  L_gap 0.77825  L_bnd 0.00512  |  MAE_val(macro) 0.52830  lr 5.00e-04  137.8s
  ep  44  loss 0.77774  L_gap 0.77267  L_bnd 0.00507  |  MAE_val(macro) 0.53004  lr 5.00e-04  140.4s
  ep  45  loss 0.77652  L_gap 0.77163  L_bnd 0.00489  |  MAE_val(macro) 0.53134  lr 5.00e-04  142.0s
  ep  46  loss 0.77401  L_gap 0.76910  L_bnd 0.00491  |  MAE_val(macro) 0.53348  lr 5.00e-04  141.0s
  ep  47  loss 0.77533  L_gap 0.77028  L_bnd 0.00504  |  MAE_val(macro) 0.52963  lr 5.00e-04  141.8s
  ep  48  loss 0.78288  L_gap 0.77795  L_bnd 0.00494  |  MAE_val(macro) 0.52842  lr 2.50e-04  140.9s
  ep  49  loss 0.77579  L_gap 0.77147  L_bnd 0.00431  |  MAE_val(macro) 0.52669  lr 2.50e-04  141.4s
  ep  50  loss 0.77599  L_gap 0.77189  L_bnd 0.00411  |  MAE_val(macro) 0.52631  lr 2.50e-04  141.7s
  ep  51  loss 0.77473  L_gap 0.77060  L_bnd 0.00413  |  MAE_val(macro) 0.52731  lr 2.50e-04  140.6s
  ep  52  loss 0.75597  L_gap 0.75201  L_bnd 0.00396  |  MAE_val(macro) 0.52831  lr 2.50e-04  137.4s
  ep  53  loss 0.76005  L_gap 0.75592  L_bnd 0.00413  |  MAE_val(macro) 0.52720  lr 2.50e-04  143.3s
  ep  54  loss 0.77219  L_gap 0.76813  L_bnd 0.00407  |  MAE_val(macro) 0.52568  lr 2.50e-04  144.7s
  ep  55  loss 0.77599  L_gap 0.77194  L_bnd 0.00405  |  MAE_val(macro) 0.53327  lr 2.50e-04  142.2s
  ep  56  loss 0.77592  L_gap 0.77184  L_bnd 0.00409  |  MAE_val(macro) 0.52753  lr 2.50e-04  141.6s
  ep  57  loss 0.76581  L_gap 0.76178  L_bnd 0.00403  |  MAE_val(macro) 0.52573  lr 2.50e-04  141.3s
  ep  58  loss 0.76958  L_gap 0.76539  L_bnd 0.00419  |  MAE_val(macro) 0.52696  lr 2.50e-04  140.7s
  ep  59  loss 0.77608  L_gap 0.77205  L_bnd 0.00403  |  MAE_val(macro) 0.52741  lr 2.50e-04  142.1s
  ep  60  loss 0.76587  L_gap 0.76189  L_bnd 0.00398  |  MAE_val(macro) 0.52623  lr 1.25e-04  141.0s
  ep  61  loss 0.75751  L_gap 0.75383  L_bnd 0.00368  |  MAE_val(macro) 0.52602  lr 1.25e-04  139.2s
  ep  62  loss 0.76165  L_gap 0.75797  L_bnd 0.00368  |  MAE_val(macro) 0.52566  lr 1.25e-04  139.0s
  ep  63  loss 0.77775  L_gap 0.77407  L_bnd 0.00368  |  MAE_val(macro) 0.52376  lr 1.25e-04  143.5s
  ep  64  loss 0.76865  L_gap 0.76500  L_bnd 0.00364  |  MAE_val(macro) 0.52458  lr 1.25e-04  142.8s
  ep  65  loss 0.77087  L_gap 0.76721  L_bnd 0.00366  |  MAE_val(macro) 0.52444  lr 1.25e-04  142.1s
  ep  66  loss 0.76538  L_gap 0.76172  L_bnd 0.00367  |  MAE_val(macro) 0.52445  lr 1.25e-04  143.4s
  ep  67  loss 0.76297  L_gap 0.75934  L_bnd 0.00363  |  MAE_val(macro) 0.52476  lr 1.25e-04  142.9s
  ep  68  loss 0.76568  L_gap 0.76211  L_bnd 0.00357  |  MAE_val(macro) 0.52415  lr 1.25e-04  140.8s
  ep  69  loss 0.77442  L_gap 0.77079  L_bnd 0.00363  |  MAE_val(macro) 0.52618  lr 6.25e-05  140.7s
  ep  70  loss 0.74591  L_gap 0.74248  L_bnd 0.00342  |  MAE_val(macro) 0.52379  lr 6.25e-05  136.9s
  ep  71  loss 0.74760  L_gap 0.74423  L_bnd 0.00337  |  MAE_val(macro) 0.52389  lr 6.25e-05  141.6s
  ep  72  loss 0.75144  L_gap 0.74808  L_bnd 0.00336  |  MAE_val(macro) 0.52408  lr 6.25e-05  142.0s
  ep  73  loss 0.76366  L_gap 0.76025  L_bnd 0.00341  |  MAE_val(macro) 0.52388  lr 6.25e-05  141.0s
  early stopping: 10 epoch khong cai thien.
  xong: MAE_val tot nhat 0.52376 tai epoch 63/73, 171.2 phut, 140.7 s/epoch. Ghi e5_f3_lam1.json, e5_f3_lam1.pt
  fold 3: tot nhat e5_f3_lam0.5 {'e5_f3_lam0': 0.52532, 'e5_f3_lam0.1': 0.52536, 'e5_f3_lam0.5': 0.52258, 'e5_f3_lam1': 0.52376}
  > D:\nam4_ky1\AI_4_IOT\Module 5 - PROJECT\G6\train.py --id e5_f4_lam0 --lam 0.0 --fold 4
[e5_f4_lam0] device=cpu | train S[1, 2, 3, 4, 5, 6, 7, 8, 9, 15] | val S[13, 14] | lam=0.0 | lstm=True | acc=False
  nap xong: train 41860 cua so, val 9041 cua so (11s)
  ep   1  loss 1.23055  L_gap 1.23055  L_bnd 0.17349  |  MAE_val(macro) 0.72283  lr 1.00e-03  140.5s
  ep   2  loss 1.10595  L_gap 1.10595  L_bnd 0.07169  |  MAE_val(macro) 0.63711  lr 1.00e-03  138.6s
  ep   3  loss 1.02298  L_gap 1.02298  L_bnd 0.06172  |  MAE_val(macro) 0.60030  lr 1.00e-03  139.7s
  ep   4  loss 0.99855  L_gap 0.99855  L_bnd 0.05621  |  MAE_val(macro) 0.58452  lr 1.00e-03  139.8s
  ep   5  loss 0.97776  L_gap 0.97776  L_bnd 0.05126  |  MAE_val(macro) 0.57849  lr 1.00e-03  139.4s
  ep   6  loss 1.00645  L_gap 1.00645  L_bnd 0.04865  |  MAE_val(macro) 0.56013  lr 1.00e-03  140.1s
  ep   7  loss 0.98006  L_gap 0.98006  L_bnd 0.04631  |  MAE_val(macro) 0.56286  lr 1.00e-03  140.7s
  ep   8  loss 0.95148  L_gap 0.95148  L_bnd 0.04465  |  MAE_val(macro) 0.55855  lr 1.00e-03  141.6s
  ep   9  loss 0.94800  L_gap 0.94800  L_bnd 0.04427  |  MAE_val(macro) 0.55542  lr 1.00e-03  140.6s
  ep  10  loss 0.96057  L_gap 0.96057  L_bnd 0.04293  |  MAE_val(macro) 0.55279  lr 1.00e-03  141.1s
  ep  11  loss 0.96238  L_gap 0.96238  L_bnd 0.04197  |  MAE_val(macro) 0.55377  lr 1.00e-03  140.8s
  ep  12  loss 0.96744  L_gap 0.96744  L_bnd 0.03987  |  MAE_val(macro) 0.56334  lr 1.00e-03  143.3s
  ep  13  loss 0.93413  L_gap 0.93413  L_bnd 0.04060  |  MAE_val(macro) 0.54225  lr 1.00e-03  140.8s
  ep  14  loss 0.92599  L_gap 0.92599  L_bnd 0.03882  |  MAE_val(macro) 0.54509  lr 1.00e-03  140.5s
  ep  15  loss 0.98348  L_gap 0.98348  L_bnd 0.03970  |  MAE_val(macro) 0.54081  lr 1.00e-03  139.1s
  ep  16  loss 0.94066  L_gap 0.94066  L_bnd 0.03680  |  MAE_val(macro) 0.55721  lr 1.00e-03  141.6s
  ep  17  loss 0.94439  L_gap 0.94439  L_bnd 0.03902  |  MAE_val(macro) 0.54110  lr 1.00e-03  140.5s
  ep  18  loss 0.91017  L_gap 0.91017  L_bnd 0.03508  |  MAE_val(macro) 0.53380  lr 1.00e-03  140.3s
  ep  19  loss 0.93312  L_gap 0.93312  L_bnd 0.03419  |  MAE_val(macro) 0.53149  lr 1.00e-03  139.8s
  ep  20  loss 0.90294  L_gap 0.90294  L_bnd 0.03500  |  MAE_val(macro) 0.54197  lr 1.00e-03  142.2s
  ep  21  loss 0.92951  L_gap 0.92951  L_bnd 0.03248  |  MAE_val(macro) 0.54730  lr 1.00e-03  140.7s
  ep  22  loss 0.93829  L_gap 0.93829  L_bnd 0.03477  |  MAE_val(macro) 0.53860  lr 1.00e-03  141.3s
  ep  23  loss 0.91596  L_gap 0.91596  L_bnd 0.03372  |  MAE_val(macro) 0.53158  lr 1.00e-03  137.3s
  ep  24  loss 0.91816  L_gap 0.91816  L_bnd 0.03277  |  MAE_val(macro) 0.52519  lr 1.00e-03  144.3s
  ep  25  loss 0.92199  L_gap 0.92199  L_bnd 0.03129  |  MAE_val(macro) 0.54113  lr 1.00e-03  141.3s
  ep  26  loss 0.93974  L_gap 0.93974  L_bnd 0.03273  |  MAE_val(macro) 0.54016  lr 1.00e-03  140.7s
  ep  27  loss 0.93181  L_gap 0.93181  L_bnd 0.03271  |  MAE_val(macro) 0.53204  lr 1.00e-03  141.8s
  ep  28  loss 0.90728  L_gap 0.90728  L_bnd 0.03263  |  MAE_val(macro) 0.53362  lr 1.00e-03  141.6s
  ep  29  loss 0.91642  L_gap 0.91642  L_bnd 0.03133  |  MAE_val(macro) 0.52396  lr 1.00e-03  143.1s
  ep  30  loss 0.91480  L_gap 0.91480  L_bnd 0.03067  |  MAE_val(macro) 0.52761  lr 1.00e-03  140.9s
  ep  31  loss 0.92111  L_gap 0.92111  L_bnd 0.03008  |  MAE_val(macro) 0.52137  lr 1.00e-03  144.5s
  ep  32  loss 0.89489  L_gap 0.89489  L_bnd 0.03030  |  MAE_val(macro) 0.52495  lr 1.00e-03  138.8s
  ep  33  loss 0.88210  L_gap 0.88210  L_bnd 0.03065  |  MAE_val(macro) 0.52347  lr 1.00e-03  142.7s
  ep  34  loss 0.92236  L_gap 0.92236  L_bnd 0.03173  |  MAE_val(macro) 0.52889  lr 1.00e-03  140.8s
  ep  35  loss 0.90797  L_gap 0.90797  L_bnd 0.03013  |  MAE_val(macro) 0.51789  lr 1.00e-03  141.7s
  ep  36  loss 0.87966  L_gap 0.87966  L_bnd 0.02831  |  MAE_val(macro) 0.52805  lr 1.00e-03  141.6s
  ep  37  loss 0.89765  L_gap 0.89765  L_bnd 0.03030  |  MAE_val(macro) 0.53535  lr 1.00e-03  142.1s
  ep  38  loss 0.92901  L_gap 0.92901  L_bnd 0.03086  |  MAE_val(macro) 0.52197  lr 1.00e-03  141.5s
  ep  39  loss 0.89582  L_gap 0.89582  L_bnd 0.02899  |  MAE_val(macro) 0.53291  lr 1.00e-03  138.9s
  ep  40  loss 0.89513  L_gap 0.89513  L_bnd 0.02973  |  MAE_val(macro) 0.52508  lr 1.00e-03  142.7s
  ep  41  loss 0.87350  L_gap 0.87350  L_bnd 0.02798  |  MAE_val(macro) 0.52594  lr 5.00e-04  137.1s
  ep  42  loss 0.88643  L_gap 0.88643  L_bnd 0.02627  |  MAE_val(macro) 0.51209  lr 5.00e-04  142.1s
  ep  43  loss 0.91207  L_gap 0.91207  L_bnd 0.02507  |  MAE_val(macro) 0.51113  lr 5.00e-04  143.8s
  ep  44  loss 0.90442  L_gap 0.90442  L_bnd 0.02574  |  MAE_val(macro) 0.51227  lr 5.00e-04  142.3s
  ep  45  loss 0.90538  L_gap 0.90538  L_bnd 0.02525  |  MAE_val(macro) 0.51319  lr 5.00e-04  142.2s
  ep  46  loss 0.85775  L_gap 0.85775  L_bnd 0.02547  |  MAE_val(macro) 0.51217  lr 5.00e-04  142.3s
  ep  47  loss 0.86716  L_gap 0.86716  L_bnd 0.02439  |  MAE_val(macro) 0.51346  lr 5.00e-04  145.0s
  ep  48  loss 0.87313  L_gap 0.87313  L_bnd 0.02451  |  MAE_val(macro) 0.51198  lr 5.00e-04  140.6s
  ep  49  loss 0.87437  L_gap 0.87437  L_bnd 0.02439  |  MAE_val(macro) 0.50975  lr 5.00e-04  141.8s
  ep  50  loss 0.89347  L_gap 0.89347  L_bnd 0.02461  |  MAE_val(macro) 0.51837  lr 5.00e-04  136.7s
  ep  51  loss 0.85439  L_gap 0.85439  L_bnd 0.02439  |  MAE_val(macro) 0.50898  lr 5.00e-04  141.8s
  ep  52  loss 0.88929  L_gap 0.88929  L_bnd 0.02385  |  MAE_val(macro) 0.51010  lr 5.00e-04  140.9s
  ep  53  loss 0.89108  L_gap 0.89108  L_bnd 0.02447  |  MAE_val(macro) 0.50938  lr 5.00e-04  141.0s
  ep  54  loss 0.91872  L_gap 0.91872  L_bnd 0.02526  |  MAE_val(macro) 0.51222  lr 5.00e-04  140.4s
  ep  55  loss 0.85633  L_gap 0.85633  L_bnd 0.02452  |  MAE_val(macro) 0.50770  lr 5.00e-04  140.6s
  ep  56  loss 0.90159  L_gap 0.90159  L_bnd 0.02465  |  MAE_val(macro) 0.50963  lr 5.00e-04  140.7s
  ep  57  loss 0.87763  L_gap 0.87763  L_bnd 0.02365  |  MAE_val(macro) 0.51123  lr 5.00e-04  149.3s
  ep  58  loss 0.87203  L_gap 0.87203  L_bnd 0.02400  |  MAE_val(macro) 0.51006  lr 5.00e-04  142.1s
  ep  59  loss 0.89361  L_gap 0.89361  L_bnd 0.02404  |  MAE_val(macro) 0.50797  lr 5.00e-04  139.0s
  ep  60  loss 0.86674  L_gap 0.86674  L_bnd 0.02347  |  MAE_val(macro) 0.50932  lr 5.00e-04  140.5s
  ep  61  loss 0.86682  L_gap 0.86682  L_bnd 0.02354  |  MAE_val(macro) 0.51608  lr 2.50e-04  133.5s
  ep  62  loss 0.91976  L_gap 0.91976  L_bnd 0.02352  |  MAE_val(macro) 0.50722  lr 2.50e-04  141.7s
  ep  63  loss 0.87837  L_gap 0.87837  L_bnd 0.02205  |  MAE_val(macro) 0.50464  lr 2.50e-04  141.0s
  ep  64  loss 0.85991  L_gap 0.85991  L_bnd 0.02167  |  MAE_val(macro) 0.50628  lr 2.50e-04  137.3s
  ep  65  loss 0.84330  L_gap 0.84330  L_bnd 0.02215  |  MAE_val(macro) 0.50340  lr 2.50e-04  138.4s
  ep  66  loss 0.86018  L_gap 0.86018  L_bnd 0.02300  |  MAE_val(macro) 0.50546  lr 2.50e-04  139.0s
  ep  67  loss 0.87357  L_gap 0.87357  L_bnd 0.02179  |  MAE_val(macro) 0.50423  lr 2.50e-04  128.9s
  ep  68  loss 0.87029  L_gap 0.87029  L_bnd 0.02117  |  MAE_val(macro) 0.50543  lr 2.50e-04  131.0s
  ep  69  loss 0.89057  L_gap 0.89057  L_bnd 0.02181  |  MAE_val(macro) 0.50632  lr 2.50e-04  143.5s
  ep  70  loss 0.86764  L_gap 0.86764  L_bnd 0.02152  |  MAE_val(macro) 0.50431  lr 2.50e-04  142.7s
  ep  71  loss 0.89790  L_gap 0.89790  L_bnd 0.02125  |  MAE_val(macro) 0.50611  lr 1.25e-04  138.7s
  ep  72  loss 0.87242  L_gap 0.87242  L_bnd 0.02108  |  MAE_val(macro) 0.50310  lr 1.25e-04  137.4s
  ep  73  loss 0.88040  L_gap 0.88040  L_bnd 0.02105  |  MAE_val(macro) 0.50372  lr 1.25e-04  138.1s
  ep  74  loss 0.84077  L_gap 0.84077  L_bnd 0.02080  |  MAE_val(macro) 0.50267  lr 1.25e-04  141.6s
  ep  75  loss 0.85703  L_gap 0.85703  L_bnd 0.02051  |  MAE_val(macro) 0.50399  lr 1.25e-04  139.5s
  ep  76  loss 0.86341  L_gap 0.86341  L_bnd 0.02065  |  MAE_val(macro) 0.50318  lr 1.25e-04  140.3s
  ep  77  loss 0.86370  L_gap 0.86370  L_bnd 0.02099  |  MAE_val(macro) 0.50366  lr 1.25e-04  139.7s
  ep  78  loss 0.85007  L_gap 0.85007  L_bnd 0.02123  |  MAE_val(macro) 0.50278  lr 1.25e-04  142.2s
  ep  79  loss 0.86844  L_gap 0.86844  L_bnd 0.02127  |  MAE_val(macro) 0.50190  lr 1.25e-04  139.3s
  ep  80  loss 0.87045  L_gap 0.87045  L_bnd 0.02090  |  MAE_val(macro) 0.50293  lr 1.25e-04  140.0s
  ep  81  loss 0.82256  L_gap 0.82256  L_bnd 0.02071  |  MAE_val(macro) 0.50126  lr 1.25e-04  140.8s
[23:53:35] BAT DAU E5 huan luyen: -u experiments.py e5 --luoi 0 0.1 0.5 1
E5: kiem dinh cheo 5 fold, luoi lambda duoc chi dinh [0.0, 0.1, 0.5, 1.0]
  [co san] e5_f1_lam0
  [co san] e5_f1_lam0.1
  [co san] e5_f1_lam0.5
  [co san] e5_f1_lam1
  fold 1: tot nhat e5_f1_lam1 {'e5_f1_lam0': 0.60793, 'e5_f1_lam0.1': 0.60586, 'e5_f1_lam0.5': 0.60396, 'e5_f1_lam1': 0.59956}
  [co san] e5_f2_lam0
  [co san] e5_f2_lam0.1
  [co san] e5_f2_lam0.5
  [co san] e5_f2_lam1
  fold 2: tot nhat e5_f2_lam1 {'e5_f2_lam0': 0.54231, 'e5_f2_lam0.1': 0.54344, 'e5_f2_lam0.5': 0.54242, 'e5_f2_lam1': 0.54051}
  [co san] e5_f3_lam0
  [co san] e5_f3_lam0.1
  [co san] e5_f3_lam0.5
  [co san] e5_f3_lam1
  fold 3: tot nhat e5_f3_lam0.5 {'e5_f3_lam0': 0.52532, 'e5_f3_lam0.1': 0.52536, 'e5_f3_lam0.5': 0.52258, 'e5_f3_lam1': 0.52376}
  > D:\nam4_ky1\AI_4_IOT\Module 5 - PROJECT\G6\train.py --id e5_f4_lam0 --lam 0.0 --fold 4
[e5_f4_lam0] device=cpu | train S[1, 2, 3, 4, 5, 6, 7, 8, 9, 15] | val S[13, 14] | lam=0.0 | lstm=True | acc=False
  nap xong: train 41860 cua so, val 9041 cua so (10s)
  tiep tuc tu checkpoint: epoch 82, da chay 189.8 phut truoc do
[23:58:06] BAT DAU E5 huan luyen: -u experiments.py e5 --luoi 0 0.1 0.5 1
E5: kiem dinh cheo 5 fold, luoi lambda duoc chi dinh [0.0, 0.1, 0.5, 1.0]
  [co san] e5_f1_lam0
  [co san] e5_f1_lam0.1
  [co san] e5_f1_lam0.5
  [co san] e5_f1_lam1
  fold 1: tot nhat e5_f1_lam1 {'e5_f1_lam0': 0.60793, 'e5_f1_lam0.1': 0.60586, 'e5_f1_lam0.5': 0.60396, 'e5_f1_lam1': 0.59956}
  [co san] e5_f2_lam0
  [co san] e5_f2_lam0.1
  [co san] e5_f2_lam0.5
  [co san] e5_f2_lam1
  fold 2: tot nhat e5_f2_lam1 {'e5_f2_lam0': 0.54231, 'e5_f2_lam0.1': 0.54344, 'e5_f2_lam0.5': 0.54242, 'e5_f2_lam1': 0.54051}
  [co san] e5_f3_lam0
  [co san] e5_f3_lam0.1
  [co san] e5_f3_lam0.5
  [co san] e5_f3_lam1
  fold 3: tot nhat e5_f3_lam0.5 {'e5_f3_lam0': 0.52532, 'e5_f3_lam0.1': 0.52536, 'e5_f3_lam0.5': 0.52258, 'e5_f3_lam1': 0.52376}
  > D:\nam4_ky1\AI_4_IOT\Module 5 - PROJECT\G6\train.py --id e5_f4_lam0 --lam 0.0 --fold 4
[e5_f4_lam0] device=cpu | train S[1, 2, 3, 4, 5, 6, 7, 8, 9, 15] | val S[13, 14] | lam=0.0 | lstm=True | acc=False
  nap xong: train 41860 cua so, val 9041 cua so (4s)
  tiep tuc tu checkpoint: epoch 82, da chay 189.8 phut truoc do
  ep  82  loss 0.84661  L_gap 0.84661  L_bnd 0.02074  |  MAE_val(macro) 0.50138  lr 1.25e-04  36.8s
  ep  83  loss 0.85846  L_gap 0.85846  L_bnd 0.02049  |  MAE_val(macro) 0.50124  lr 1.25e-04  26.7s
  ep  84  loss 0.86057  L_gap 0.86057  L_bnd 0.02071  |  MAE_val(macro) 0.50132  lr 1.25e-04  19.7s
  ep  85  loss 0.88230  L_gap 0.88230  L_bnd 0.02094  |  MAE_val(macro) 0.50242  lr 1.25e-04  20.1s
  ep  86  loss 0.84345  L_gap 0.84345  L_bnd 0.02056  |  MAE_val(macro) 0.50228  lr 1.25e-04  20.4s
[00:02:41] BAT DAU E5 huan luyen: -u experiments.py e5 --luoi 0 0.1 0.5 1
E5: kiem dinh cheo 5 fold, luoi lambda duoc chi dinh [0.0, 0.1, 0.5, 1.0]
  [co san] e5_f1_lam0
  [co san] e5_f1_lam0.1
  [co san] e5_f1_lam0.5
  [co san] e5_f1_lam1
  fold 1: tot nhat e5_f1_lam1 {'e5_f1_lam0': 0.60793, 'e5_f1_lam0.1': 0.60586, 'e5_f1_lam0.5': 0.60396, 'e5_f1_lam1': 0.59956}
  [co san] e5_f2_lam0
  [co san] e5_f2_lam0.1
  [co san] e5_f2_lam0.5
  [co san] e5_f2_lam1
  fold 2: tot nhat e5_f2_lam1 {'e5_f2_lam0': 0.54231, 'e5_f2_lam0.1': 0.54344, 'e5_f2_lam0.5': 0.54242, 'e5_f2_lam1': 0.54051}
  [co san] e5_f3_lam0
  [co san] e5_f3_lam0.1
  [co san] e5_f3_lam0.5
  [co san] e5_f3_lam1
  fold 3: tot nhat e5_f3_lam0.5 {'e5_f3_lam0': 0.52532, 'e5_f3_lam0.1': 0.52536, 'e5_f3_lam0.5': 0.52258, 'e5_f3_lam1': 0.52376}
  > D:\nam4_ky1\AI_4_IOT\Module 5 - PROJECT\G6\train.py --id e5_f4_lam0 --lam 0.0 --fold 4
[e5_f4_lam0] device=cpu | train S[1, 2, 3, 4, 5, 6, 7, 8, 9, 15] | val S[13, 14] | lam=0.0 | lstm=True | acc=False
  nap xong: train 41860 cua so, val 9041 cua so (7s)
  tiep tuc tu checkpoint: epoch 87, da chay 191.8 phut truoc do
  ep  87  loss 0.86001  L_gap 0.86001  L_bnd 0.02024  |  MAE_val(macro) 0.50038  lr 1.25e-04  76.5s
  ep  88  loss 0.85342  L_gap 0.85342  L_bnd 0.02071  |  MAE_val(macro) 0.50120  lr 1.25e-04  40.5s
  ep  89  loss 0.85580  L_gap 0.85580  L_bnd 0.02031  |  MAE_val(macro) 0.50145  lr 1.25e-04  22.7s
  ep  90  loss 0.84957  L_gap 0.84957  L_bnd 0.02029  |  MAE_val(macro) 0.50247  lr 1.25e-04  19.8s
  ep  91  loss 0.89276  L_gap 0.89276  L_bnd 0.02032  |  MAE_val(macro) 0.50296  lr 1.25e-04  19.4s
  ep  92  loss 0.89691  L_gap 0.89691  L_bnd 0.02026  |  MAE_val(macro) 0.50270  lr 1.25e-04  19.8s
  ep  93  loss 0.86489  L_gap 0.86489  L_bnd 0.02071  |  MAE_val(macro) 0.50406  lr 6.25e-05  19.7s
  ep  94  loss 0.84150  L_gap 0.84150  L_bnd 0.02073  |  MAE_val(macro) 0.50096  lr 6.25e-05  19.7s
  ep  95  loss 0.89297  L_gap 0.89297  L_bnd 0.01984  |  MAE_val(macro) 0.50036  lr 6.25e-05  22.0s
  ep  96  loss 0.85307  L_gap 0.85307  L_bnd 0.01987  |  MAE_val(macro) 0.50101  lr 6.25e-05  20.4s
  ep  97  loss 0.86309  L_gap 0.86309  L_bnd 0.01966  |  MAE_val(macro) 0.50017  lr 6.25e-05  21.0s
  ep  98  loss 0.89586  L_gap 0.89586  L_bnd 0.02039  |  MAE_val(macro) 0.50204  lr 6.25e-05  26.0s
  ep  99  loss 0.86505  L_gap 0.86505  L_bnd 0.01961  |  MAE_val(macro) 0.50012  lr 6.25e-05  24.2s
  ep 100  loss 0.89339  L_gap 0.89339  L_bnd 0.01965  |  MAE_val(macro) 0.50042  lr 6.25e-05  23.5s
  xong: MAE_val tot nhat 0.50012 tai epoch 99/100, 198.1 phut, 118.9 s/epoch. Ghi e5_f4_lam0.json, e5_f4_lam0.pt
  > D:\nam4_ky1\AI_4_IOT\Module 5 - PROJECT\G6\train.py --id e5_f4_lam0.1 --lam 0.1 --fold 4
[e5_f4_lam0.1] device=cpu | train S[1, 2, 3, 4, 5, 6, 7, 8, 9, 15] | val S[13, 14] | lam=0.1 | lstm=True | acc=False
  nap xong: train 41860 cua so, val 9041 cua so (2s)
  ep   1  loss 1.23829  L_gap 1.22490  L_bnd 0.13388  |  MAE_val(macro) 0.73378  lr 1.00e-03  20.1s
  ep   2  loss 1.17306  L_gap 1.16826  L_bnd 0.04804  |  MAE_val(macro) 0.70774  lr 1.00e-03  20.9s
  ep   3  loss 1.07864  L_gap 1.07350  L_bnd 0.05142  |  MAE_val(macro) 0.63257  lr 1.00e-03  27.4s
  ep   4  loss 1.02325  L_gap 1.01874  L_bnd 0.04511  |  MAE_val(macro) 0.59478  lr 1.00e-03  19.7s
  ep   5  loss 0.99100  L_gap 0.98696  L_bnd 0.04045  |  MAE_val(macro) 0.58220  lr 1.00e-03  20.6s
  ep   6  loss 1.01625  L_gap 1.01255  L_bnd 0.03709  |  MAE_val(macro) 0.56242  lr 1.00e-03  21.0s
  ep   7  loss 0.98854  L_gap 0.98518  L_bnd 0.03359  |  MAE_val(macro) 0.56931  lr 1.00e-03  20.7s
  ep   8  loss 0.95950  L_gap 0.95624  L_bnd 0.03262  |  MAE_val(macro) 0.57009  lr 1.00e-03  20.6s
  ep   9  loss 0.95636  L_gap 0.95314  L_bnd 0.03223  |  MAE_val(macro) 0.55688  lr 1.00e-03  20.9s
  ep  10  loss 0.96825  L_gap 0.96512  L_bnd 0.03134  |  MAE_val(macro) 0.55030  lr 1.00e-03  21.0s
  ep  11  loss 0.96897  L_gap 0.96600  L_bnd 0.02973  |  MAE_val(macro) 0.55409  lr 1.00e-03  20.8s
  ep  12  loss 0.97279  L_gap 0.97005  L_bnd 0.02740  |  MAE_val(macro) 0.56075  lr 1.00e-03  21.0s
  ep  13  loss 0.93936  L_gap 0.93649  L_bnd 0.02870  |  MAE_val(macro) 0.54521  lr 1.00e-03  21.8s
  ep  14  loss 0.93293  L_gap 0.93012  L_bnd 0.02813  |  MAE_val(macro) 0.54615  lr 1.00e-03  38.1s
  ep  15  loss 0.99063  L_gap 0.98782  L_bnd 0.02810  |  MAE_val(macro) 0.54035  lr 1.00e-03  20.3s
  ep  16  loss 0.94737  L_gap 0.94475  L_bnd 0.02626  |  MAE_val(macro) 0.55482  lr 1.00e-03  21.1s
  ep  17  loss 0.95178  L_gap 0.94906  L_bnd 0.02720  |  MAE_val(macro) 0.53842  lr 1.00e-03  21.3s
  ep  18  loss 0.91554  L_gap 0.91306  L_bnd 0.02473  |  MAE_val(macro) 0.53458  lr 1.00e-03  21.7s
  ep  19  loss 0.93834  L_gap 0.93599  L_bnd 0.02345  |  MAE_val(macro) 0.53281  lr 1.00e-03  21.7s
  ep  20  loss 0.90796  L_gap 0.90558  L_bnd 0.02381  |  MAE_val(macro) 0.54213  lr 1.00e-03  21.3s
  ep  21  loss 0.93490  L_gap 0.93269  L_bnd 0.02206  |  MAE_val(macro) 0.55325  lr 1.00e-03  27.5s
  ep  22  loss 0.94403  L_gap 0.94169  L_bnd 0.02340  |  MAE_val(macro) 0.53296  lr 1.00e-03  21.2s
  ep  23  loss 0.92078  L_gap 0.91854  L_bnd 0.02247  |  MAE_val(macro) 0.53179  lr 1.00e-03  21.5s
  ep  24  loss 0.92189  L_gap 0.91972  L_bnd 0.02176  |  MAE_val(macro) 0.52680  lr 1.00e-03  21.5s
  ep  25  loss 0.92569  L_gap 0.92356  L_bnd 0.02135  |  MAE_val(macro) 0.54707  lr 1.00e-03  25.8s
  ep  26  loss 0.94444  L_gap 0.94225  L_bnd 0.02184  |  MAE_val(macro) 0.52940  lr 1.00e-03  21.4s
  ep  27  loss 0.93531  L_gap 0.93327  L_bnd 0.02033  |  MAE_val(macro) 0.53036  lr 1.00e-03  21.4s
  ep  28  loss 0.91080  L_gap 0.90879  L_bnd 0.02006  |  MAE_val(macro) 0.52827  lr 1.00e-03  21.3s
  ep  29  loss 0.91955  L_gap 0.91754  L_bnd 0.02010  |  MAE_val(macro) 0.52618  lr 1.00e-03  26.5s
  ep  30  loss 0.91800  L_gap 0.91612  L_bnd 0.01874  |  MAE_val(macro) 0.52634  lr 1.00e-03  22.5s
  ep  31  loss 0.92403  L_gap 0.92208  L_bnd 0.01946  |  MAE_val(macro) 0.51920  lr 1.00e-03  21.5s
  ep  32  loss 0.89826  L_gap 0.89638  L_bnd 0.01881  |  MAE_val(macro) 0.52477  lr 1.00e-03  21.0s
  ep  33  loss 0.88552  L_gap 0.88365  L_bnd 0.01869  |  MAE_val(macro) 0.52321  lr 1.00e-03  21.0s
  ep  34  loss 0.92535  L_gap 0.92339  L_bnd 0.01966  |  MAE_val(macro) 0.52352  lr 1.00e-03  21.1s
  ep  35  loss 0.91137  L_gap 0.90947  L_bnd 0.01902  |  MAE_val(macro) 0.52471  lr 1.00e-03  20.8s
  ep  36  loss 0.88209  L_gap 0.88030  L_bnd 0.01784  |  MAE_val(macro) 0.52350  lr 1.00e-03  21.1s
  ep  37  loss 0.89934  L_gap 0.89758  L_bnd 0.01761  |  MAE_val(macro) 0.53436  lr 5.00e-04  21.3s
  ep  38  loss 0.92046  L_gap 0.91888  L_bnd 0.01581  |  MAE_val(macro) 0.51357  lr 5.00e-04  20.9s
  ep  39  loss 0.88781  L_gap 0.88631  L_bnd 0.01495  |  MAE_val(macro) 0.51524  lr 5.00e-04  21.6s
  ep  40  loss 0.88527  L_gap 0.88370  L_bnd 0.01562  |  MAE_val(macro) 0.51398  lr 5.00e-04  20.6s
  ep  41  loss 0.86665  L_gap 0.86521  L_bnd 0.01446  |  MAE_val(macro) 0.51464  lr 5.00e-04  20.7s
  ep  42  loss 0.88700  L_gap 0.88552  L_bnd 0.01485  |  MAE_val(macro) 0.51381  lr 5.00e-04  21.6s
  ep  43  loss 0.91509  L_gap 0.91361  L_bnd 0.01484  |  MAE_val(macro) 0.51124  lr 5.00e-04  25.6s
  ep  44  loss 0.90667  L_gap 0.90517  L_bnd 0.01503  |  MAE_val(macro) 0.51308  lr 5.00e-04  21.9s
  ep  45  loss 0.90884  L_gap 0.90738  L_bnd 0.01458  |  MAE_val(macro) 0.51188  lr 5.00e-04  21.2s
  ep  46  loss 0.86137  L_gap 0.85989  L_bnd 0.01480  |  MAE_val(macro) 0.51087  lr 5.00e-04  20.6s
  ep  47  loss 0.86957  L_gap 0.86818  L_bnd 0.01387  |  MAE_val(macro) 0.51327  lr 5.00e-04  21.1s
  ep  48  loss 0.87696  L_gap 0.87558  L_bnd 0.01387  |  MAE_val(macro) 0.51556  lr 5.00e-04  21.3s
  ep  49  loss 0.87765  L_gap 0.87625  L_bnd 0.01402  |  MAE_val(macro) 0.51012  lr 5.00e-04  21.8s
  ep  50  loss 0.89674  L_gap 0.89530  L_bnd 0.01433  |  MAE_val(macro) 0.51399  lr 5.00e-04  20.7s
  ep  51  loss 0.85848  L_gap 0.85708  L_bnd 0.01405  |  MAE_val(macro) 0.51164  lr 5.00e-04  21.6s
  ep  52  loss 0.89297  L_gap 0.89160  L_bnd 0.01360  |  MAE_val(macro) 0.51297  lr 5.00e-04  21.1s
  ep  53  loss 0.89395  L_gap 0.89258  L_bnd 0.01368  |  MAE_val(macro) 0.51267  lr 5.00e-04  21.2s
  ep  54  loss 0.92131  L_gap 0.91988  L_bnd 0.01431  |  MAE_val(macro) 0.51200  lr 5.00e-04  21.6s
[00:29:34] BAT DAU E5 huan luyen: -u experiments.py e5 --luoi 0 0.1 0.5 1
E5: kiem dinh cheo 5 fold, luoi lambda duoc chi dinh [0.0, 0.1, 0.5, 1.0]
  [co san] e5_f1_lam0
  [co san] e5_f1_lam0.1
  [co san] e5_f1_lam0.5
  [co san] e5_f1_lam1
  fold 1: tot nhat e5_f1_lam1 {'e5_f1_lam0': 0.60793, 'e5_f1_lam0.1': 0.60586, 'e5_f1_lam0.5': 0.60396, 'e5_f1_lam1': 0.59956}
  [co san] e5_f2_lam0
  [co san] e5_f2_lam0.1
  [co san] e5_f2_lam0.5
  [co san] e5_f2_lam1
  fold 2: tot nhat e5_f2_lam1 {'e5_f2_lam0': 0.54231, 'e5_f2_lam0.1': 0.54344, 'e5_f2_lam0.5': 0.54242, 'e5_f2_lam1': 0.54051}
  [co san] e5_f3_lam0
  [co san] e5_f3_lam0.1
  [co san] e5_f3_lam0.5
  [co san] e5_f3_lam1
  fold 3: tot nhat e5_f3_lam0.5 {'e5_f3_lam0': 0.52532, 'e5_f3_lam0.1': 0.52536, 'e5_f3_lam0.5': 0.52258, 'e5_f3_lam1': 0.52376}
  [co san] e5_f4_lam0
  > D:\nam4_ky1\AI_4_IOT\Module 5 - PROJECT\G6\train.py --id e5_f4_lam0.1 --lam 0.1 --fold 4
[e5_f4_lam0.1] device=cpu | train S[1, 2, 3, 4, 5, 6, 7, 8, 9, 15] | val S[13, 14] | lam=0.1 | lstm=True | acc=False
  nap xong: train 41860 cua so, val 9041 cua so (5s)
  tiep tuc tu checkpoint: epoch 55, da chay 19.8 phut truoc do
  ep  55  loss 0.86004  L_gap 0.85868  L_bnd 0.01362  |  MAE_val(macro) 0.51060  lr 2.50e-04  138.9s
  ep  56  loss 0.89937  L_gap 0.89810  L_bnd 0.01272  |  MAE_val(macro) 0.50650  lr 2.50e-04  135.6s
  ep  57  loss 0.87485  L_gap 0.87361  L_bnd 0.01237  |  MAE_val(macro) 0.50519  lr 2.50e-04  137.8s
  ep  58  loss 0.87166  L_gap 0.87041  L_bnd 0.01242  |  MAE_val(macro) 0.50495  lr 2.50e-04  137.8s
  ep  59  loss 0.89174  L_gap 0.89053  L_bnd 0.01215  |  MAE_val(macro) 0.50507  lr 2.50e-04  135.4s
  ep  60  loss 0.86353  L_gap 0.86233  L_bnd 0.01196  |  MAE_val(macro) 0.50542  lr 2.50e-04  140.4s
  ep  61  loss 0.86605  L_gap 0.86483  L_bnd 0.01219  |  MAE_val(macro) 0.50915  lr 2.50e-04  135.8s
  ep  62  loss 0.92063  L_gap 0.91933  L_bnd 0.01297  |  MAE_val(macro) 0.50599  lr 2.50e-04  139.6s
  ep  63  loss 0.88246  L_gap 0.88127  L_bnd 0.01198  |  MAE_val(macro) 0.50421  lr 2.50e-04  136.9s
  ep  64  loss 0.86495  L_gap 0.86375  L_bnd 0.01197  |  MAE_val(macro) 0.50614  lr 2.50e-04  137.8s
  ep  65  loss 0.84712  L_gap 0.84590  L_bnd 0.01215  |  MAE_val(macro) 0.50396  lr 2.50e-04  136.2s
  ep  66  loss 0.86445  L_gap 0.86320  L_bnd 0.01249  |  MAE_val(macro) 0.50542  lr 2.50e-04  136.4s
  ep  67  loss 0.87800  L_gap 0.87682  L_bnd 0.01176  |  MAE_val(macro) 0.50569  lr 2.50e-04  133.9s
  ep  68  loss 0.87390  L_gap 0.87268  L_bnd 0.01214  |  MAE_val(macro) 0.50924  lr 2.50e-04  132.7s
  ep  69  loss 0.89507  L_gap 0.89384  L_bnd 0.01232  |  MAE_val(macro) 0.50822  lr 2.50e-04  133.5s
  ep  70  loss 0.87183  L_gap 0.87062  L_bnd 0.01211  |  MAE_val(macro) 0.50444  lr 2.50e-04  131.6s
  ep  71  loss 0.90249  L_gap 0.90129  L_bnd 0.01204  |  MAE_val(macro) 0.50622  lr 1.25e-04  136.3s
  ep  72  loss 0.87673  L_gap 0.87559  L_bnd 0.01146  |  MAE_val(macro) 0.50303  lr 1.25e-04  135.8s
  ep  73  loss 0.88505  L_gap 0.88390  L_bnd 0.01150  |  MAE_val(macro) 0.50467  lr 1.25e-04  132.3s
  ep  74  loss 0.84671  L_gap 0.84558  L_bnd 0.01130  |  MAE_val(macro) 0.50272  lr 1.25e-04  133.2s
  ep  75  loss 0.86081  L_gap 0.85971  L_bnd 0.01100  |  MAE_val(macro) 0.50271  lr 1.25e-04  135.6s
  ep  76  loss 0.86758  L_gap 0.86649  L_bnd 0.01087  |  MAE_val(macro) 0.50446  lr 1.25e-04  133.7s
  ep  77  loss 0.86787  L_gap 0.86674  L_bnd 0.01132  |  MAE_val(macro) 0.50506  lr 1.25e-04  133.7s
  ep  78  loss 0.85373  L_gap 0.85262  L_bnd 0.01109  |  MAE_val(macro) 0.50280  lr 1.25e-04  133.4s
  ep  79  loss 0.87031  L_gap 0.86919  L_bnd 0.01119  |  MAE_val(macro) 0.50287  lr 1.25e-04  132.7s
  ep  80  loss 0.87508  L_gap 0.87399  L_bnd 0.01091  |  MAE_val(macro) 0.50242  lr 1.25e-04  135.2s
  ep  81  loss 0.82677  L_gap 0.82570  L_bnd 0.01073  |  MAE_val(macro) 0.50079  lr 1.25e-04  133.5s
  ep  82  loss 0.85028  L_gap 0.84918  L_bnd 0.01108  |  MAE_val(macro) 0.50286  lr 1.25e-04  132.7s
  ep  83  loss 0.86294  L_gap 0.86184  L_bnd 0.01098  |  MAE_val(macro) 0.50156  lr 1.25e-04  132.7s
  ep  84  loss 0.86427  L_gap 0.86315  L_bnd 0.01116  |  MAE_val(macro) 0.50143  lr 1.25e-04  134.4s
  ep  85  loss 0.88774  L_gap 0.88661  L_bnd 0.01126  |  MAE_val(macro) 0.50266  lr 1.25e-04  136.7s
  ep  86  loss 0.84872  L_gap 0.84762  L_bnd 0.01096  |  MAE_val(macro) 0.50197  lr 1.25e-04  138.4s
  ep  87  loss 0.86336  L_gap 0.86227  L_bnd 0.01090  |  MAE_val(macro) 0.50019  lr 1.25e-04  138.5s
  ep  88  loss 0.85784  L_gap 0.85675  L_bnd 0.01096  |  MAE_val(macro) 0.50021  lr 1.25e-04  137.5s
  ep  89  loss 0.85973  L_gap 0.85867  L_bnd 0.01062  |  MAE_val(macro) 0.50239  lr 1.25e-04  140.7s
  ep  90  loss 0.85522  L_gap 0.85414  L_bnd 0.01073  |  MAE_val(macro) 0.50251  lr 1.25e-04  138.5s
  ep  91  loss 0.89579  L_gap 0.89469  L_bnd 0.01101  |  MAE_val(macro) 0.50321  lr 1.25e-04  138.8s
  ep  92  loss 0.90057  L_gap 0.89946  L_bnd 0.01111  |  MAE_val(macro) 0.50355  lr 1.25e-04  139.0s
  ep  93  loss 0.86674  L_gap 0.86563  L_bnd 0.01108  |  MAE_val(macro) 0.50667  lr 6.25e-05  141.0s
  ep  94  loss 0.84651  L_gap 0.84539  L_bnd 0.01126  |  MAE_val(macro) 0.50158  lr 6.25e-05  141.2s
  ep  95  loss 0.89510  L_gap 0.89405  L_bnd 0.01046  |  MAE_val(macro) 0.50154  lr 6.25e-05  136.5s
  ep  96  loss 0.85805  L_gap 0.85700  L_bnd 0.01055  |  MAE_val(macro) 0.50210  lr 6.25e-05  139.2s
  ep  97  loss 0.86634  L_gap 0.86529  L_bnd 0.01048  |  MAE_val(macro) 0.50055  lr 6.25e-05  139.4s
  early stopping: 10 epoch khong cai thien.
  xong: MAE_val tot nhat 0.50019 tai epoch 87/97, 117.5 phut, 72.7 s/epoch. Ghi e5_f4_lam0.1.json, e5_f4_lam0.1.pt
  > D:\nam4_ky1\AI_4_IOT\Module 5 - PROJECT\G6\train.py --id e5_f4_lam0.5 --lam 0.5 --fold 4
[e5_f4_lam0.5] device=cpu | train S[1, 2, 3, 4, 5, 6, 7, 8, 9, 15] | val S[13, 14] | lam=0.5 | lstm=True | acc=False
  nap xong: train 41860 cua so, val 9041 cua so (13s)
  ep   1  loss 1.27145  L_gap 1.22210  L_bnd 0.09868  |  MAE_val(macro) 0.73456  lr 1.00e-03  134.4s
  ep   2  loss 1.18512  L_gap 1.17035  L_bnd 0.02955  |  MAE_val(macro) 0.71873  lr 1.00e-03  134.8s
  ep   3  loss 1.12989  L_gap 1.11576  L_bnd 0.02826  |  MAE_val(macro) 0.63471  lr 1.00e-03  135.2s
  ep   4  loss 1.04703  L_gap 1.03380  L_bnd 0.02646  |  MAE_val(macro) 0.60017  lr 1.00e-03  135.7s
  ep   5  loss 1.00477  L_gap 0.99297  L_bnd 0.02360  |  MAE_val(macro) 0.58098  lr 1.00e-03  138.1s
  ep   6  loss 1.02538  L_gap 1.01463  L_bnd 0.02149  |  MAE_val(macro) 0.56971  lr 1.00e-03  135.7s
  ep   7  loss 0.99673  L_gap 0.98672  L_bnd 0.02002  |  MAE_val(macro) 0.57441  lr 1.00e-03  135.7s
  ep   8  loss 0.96647  L_gap 0.95682  L_bnd 0.01930  |  MAE_val(macro) 0.56205  lr 1.00e-03  136.3s
  ep   9  loss 0.96044  L_gap 0.95133  L_bnd 0.01822  |  MAE_val(macro) 0.55293  lr 1.00e-03  139.8s
  ep  10  loss 0.97231  L_gap 0.96356  L_bnd 0.01750  |  MAE_val(macro) 0.54884  lr 1.00e-03  138.0s
  ep  11  loss 0.97353  L_gap 0.96504  L_bnd 0.01697  |  MAE_val(macro) 0.55693  lr 1.00e-03  136.2s
  ep  12  loss 0.97692  L_gap 0.96888  L_bnd 0.01607  |  MAE_val(macro) 0.55781  lr 1.00e-03  139.2s
  ep  13  loss 0.94253  L_gap 0.93452  L_bnd 0.01603  |  MAE_val(macro) 0.54628  lr 1.00e-03  138.7s
  ep  14  loss 0.93582  L_gap 0.92800  L_bnd 0.01565  |  MAE_val(macro) 0.55539  lr 1.00e-03  137.9s
  ep  15  loss 0.99237  L_gap 0.98440  L_bnd 0.01593  |  MAE_val(macro) 0.53946  lr 1.00e-03  137.7s
  ep  16  loss 0.94984  L_gap 0.94236  L_bnd 0.01496  |  MAE_val(macro) 0.54918  lr 1.00e-03  138.1s
  ep  17  loss 0.95208  L_gap 0.94435  L_bnd 0.01546  |  MAE_val(macro) 0.53983  lr 1.00e-03  137.0s
  ep  18  loss 0.91819  L_gap 0.91115  L_bnd 0.01410  |  MAE_val(macro) 0.53791  lr 1.00e-03  139.2s
  ep  19  loss 0.93930  L_gap 0.93246  L_bnd 0.01367  |  MAE_val(macro) 0.53360  lr 1.00e-03  136.7s
  ep  20  loss 0.91066  L_gap 0.90379  L_bnd 0.01373  |  MAE_val(macro) 0.54195  lr 1.00e-03  137.6s
  ep  21  loss 0.93777  L_gap 0.93128  L_bnd 0.01298  |  MAE_val(macro) 0.54384  lr 1.00e-03  137.5s
  ep  22  loss 0.94562  L_gap 0.93914  L_bnd 0.01298  |  MAE_val(macro) 0.54153  lr 1.00e-03  138.7s
  ep  23  loss 0.92250  L_gap 0.91591  L_bnd 0.01317  |  MAE_val(macro) 0.53040  lr 1.00e-03  138.4s
  ep  24  loss 0.92482  L_gap 0.91840  L_bnd 0.01284  |  MAE_val(macro) 0.52905  lr 1.00e-03  136.8s
  ep  25  loss 0.92798  L_gap 0.92205  L_bnd 0.01185  |  MAE_val(macro) 0.55255  lr 1.00e-03  136.9s
  ep  26  loss 0.94536  L_gap 0.93922  L_bnd 0.01227  |  MAE_val(macro) 0.53117  lr 1.00e-03  139.2s
  ep  27  loss 0.93656  L_gap 0.93088  L_bnd 0.01137  |  MAE_val(macro) 0.52960  lr 1.00e-03  139.4s
  ep  28  loss 0.91216  L_gap 0.90660  L_bnd 0.01111  |  MAE_val(macro) 0.53128  lr 1.00e-03  137.1s
  ep  29  loss 0.92077  L_gap 0.91491  L_bnd 0.01172  |  MAE_val(macro) 0.52660  lr 1.00e-03  136.5s
  ep  30  loss 0.91893  L_gap 0.91362  L_bnd 0.01063  |  MAE_val(macro) 0.52364  lr 1.00e-03  136.9s
  ep  31  loss 0.92462  L_gap 0.91909  L_bnd 0.01106  |  MAE_val(macro) 0.52069  lr 1.00e-03  138.3s
  ep  32  loss 0.89987  L_gap 0.89434  L_bnd 0.01105  |  MAE_val(macro) 0.52079  lr 1.00e-03  138.1s
  ep  33  loss 0.88629  L_gap 0.88083  L_bnd 0.01092  |  MAE_val(macro) 0.52320  lr 1.00e-03  140.7s
  ep  34  loss 0.92726  L_gap 0.92169  L_bnd 0.01114  |  MAE_val(macro) 0.52365  lr 1.00e-03  140.4s
  ep  35  loss 0.91413  L_gap 0.90884  L_bnd 0.01060  |  MAE_val(macro) 0.52126  lr 1.00e-03  143.6s
  ep  36  loss 0.88375  L_gap 0.87869  L_bnd 0.01011  |  MAE_val(macro) 0.52108  lr 1.00e-03  141.1s
  ep  37  loss 0.90124  L_gap 0.89625  L_bnd 0.00999  |  MAE_val(macro) 0.53453  lr 5.00e-04  140.2s
  ep  38  loss 0.92207  L_gap 0.91776  L_bnd 0.00862  |  MAE_val(macro) 0.51096  lr 5.00e-04  140.7s
  ep  39  loss 0.88883  L_gap 0.88474  L_bnd 0.00819  |  MAE_val(macro) 0.51411  lr 5.00e-04  141.9s
  ep  40  loss 0.88657  L_gap 0.88246  L_bnd 0.00822  |  MAE_val(macro) 0.51307  lr 5.00e-04  142.4s
  ep  41  loss 0.86769  L_gap 0.86383  L_bnd 0.00771  |  MAE_val(macro) 0.51282  lr 5.00e-04  142.1s
  ep  42  loss 0.88956  L_gap 0.88530  L_bnd 0.00854  |  MAE_val(macro) 0.51284  lr 5.00e-04  140.6s
  ep  43  loss 0.91671  L_gap 0.91263  L_bnd 0.00815  |  MAE_val(macro) 0.50709  lr 5.00e-04  143.2s
  ep  44  loss 0.90884  L_gap 0.90479  L_bnd 0.00811  |  MAE_val(macro) 0.50964  lr 5.00e-04  139.3s
  ep  45  loss 0.91096  L_gap 0.90695  L_bnd 0.00801  |  MAE_val(macro) 0.51317  lr 5.00e-04  139.9s
  ep  46  loss 0.86177  L_gap 0.85784  L_bnd 0.00785  |  MAE_val(macro) 0.50923  lr 5.00e-04  140.1s
  ep  47  loss 0.87183  L_gap 0.86797  L_bnd 0.00771  |  MAE_val(macro) 0.51054  lr 5.00e-04  139.2s
  ep  48  loss 0.87806  L_gap 0.87426  L_bnd 0.00760  |  MAE_val(macro) 0.51519  lr 5.00e-04  141.7s
  ep  49  loss 0.88004  L_gap 0.87618  L_bnd 0.00772  |  MAE_val(macro) 0.50816  lr 2.50e-04  139.3s
  ep  50  loss 0.89227  L_gap 0.88889  L_bnd 0.00675  |  MAE_val(macro) 0.50943  lr 2.50e-04  140.5s
  ep  51  loss 0.85271  L_gap 0.84930  L_bnd 0.00683  |  MAE_val(macro) 0.50513  lr 2.50e-04  139.6s
  ep  52  loss 0.88847  L_gap 0.88524  L_bnd 0.00648  |  MAE_val(macro) 0.50408  lr 2.50e-04  140.6s
  ep  53  loss 0.89012  L_gap 0.88676  L_bnd 0.00671  |  MAE_val(macro) 0.50500  lr 2.50e-04  151.7s
  ep  54  loss 0.91754  L_gap 0.91410  L_bnd 0.00689  |  MAE_val(macro) 0.50775  lr 2.50e-04  139.2s
  ep  55  loss 0.85671  L_gap 0.85347  L_bnd 0.00647  |  MAE_val(macro) 0.50624  lr 2.50e-04  140.0s
  ep  56  loss 0.89958  L_gap 0.89622  L_bnd 0.00672  |  MAE_val(macro) 0.50470  lr 2.50e-04  142.0s
  ep  57  loss 0.87673  L_gap 0.87343  L_bnd 0.00661  |  MAE_val(macro) 0.50410  lr 2.50e-04  139.4s
  ep  58  loss 0.87355  L_gap 0.87017  L_bnd 0.00676  |  MAE_val(macro) 0.50450  lr 1.25e-04  139.0s
  ep  59  loss 0.89139  L_gap 0.88834  L_bnd 0.00611  |  MAE_val(macro) 0.50199  lr 1.25e-04  138.5s
  ep  60  loss 0.86159  L_gap 0.85861  L_bnd 0.00595  |  MAE_val(macro) 0.50299  lr 1.25e-04  143.1s
  ep  61  loss 0.86591  L_gap 0.86283  L_bnd 0.00616  |  MAE_val(macro) 0.50220  lr 1.25e-04  141.3s
  ep  62  loss 0.91919  L_gap 0.91600  L_bnd 0.00638  |  MAE_val(macro) 0.50286  lr 1.25e-04  138.2s
  ep  63  loss 0.88078  L_gap 0.87772  L_bnd 0.00613  |  MAE_val(macro) 0.50308  lr 1.25e-04  140.2s
  ep  64  loss 0.86362  L_gap 0.86064  L_bnd 0.00596  |  MAE_val(macro) 0.50197  lr 1.25e-04  142.1s
  ep  65  loss 0.84774  L_gap 0.84476  L_bnd 0.00597  |  MAE_val(macro) 0.50173  lr 1.25e-04  141.2s
  ep  66  loss 0.86301  L_gap 0.85986  L_bnd 0.00629  |  MAE_val(macro) 0.50184  lr 1.25e-04  140.6s
  ep  67  loss 0.87785  L_gap 0.87493  L_bnd 0.00585  |  MAE_val(macro) 0.50189  lr 1.25e-04  142.1s
  ep  68  loss 0.87342  L_gap 0.87040  L_bnd 0.00603  |  MAE_val(macro) 0.50427  lr 1.25e-04  140.6s
  ep  69  loss 0.89462  L_gap 0.89157  L_bnd 0.00610  |  MAE_val(macro) 0.50332  lr 1.25e-04  142.9s
  ep  70  loss 0.87197  L_gap 0.86898  L_bnd 0.00598  |  MAE_val(macro) 0.50184  lr 1.25e-04  140.9s
  ep  71  loss 0.90308  L_gap 0.90012  L_bnd 0.00592  |  MAE_val(macro) 0.50087  lr 1.25e-04  140.5s
  ep  72  loss 0.87956  L_gap 0.87656  L_bnd 0.00601  |  MAE_val(macro) 0.50180  lr 1.25e-04  139.4s
  ep  73  loss 0.88918  L_gap 0.88613  L_bnd 0.00609  |  MAE_val(macro) 0.50200  lr 1.25e-04  143.8s
  ep  74  loss 0.84855  L_gap 0.84560  L_bnd 0.00591  |  MAE_val(macro) 0.50142  lr 1.25e-04  140.6s
  ep  75  loss 0.86420  L_gap 0.86125  L_bnd 0.00590  |  MAE_val(macro) 0.50151  lr 1.25e-04  141.3s
  ep  76  loss 0.87003  L_gap 0.86716  L_bnd 0.00574  |  MAE_val(macro) 0.50240  lr 1.25e-04  143.8s
  ep  77  loss 0.87222  L_gap 0.86911  L_bnd 0.00621  |  MAE_val(macro) 0.50279  lr 6.25e-05  140.3s
  ep  78  loss 0.85664  L_gap 0.85371  L_bnd 0.00586  |  MAE_val(macro) 0.50080  lr 6.25e-05  145.5s
  ep  79  loss 0.87363  L_gap 0.87077  L_bnd 0.00572  |  MAE_val(macro) 0.49945  lr 6.25e-05  141.9s
  ep  80  loss 0.87815  L_gap 0.87534  L_bnd 0.00560  |  MAE_val(macro) 0.50096  lr 6.25e-05  141.8s
  ep  81  loss 0.82895  L_gap 0.82618  L_bnd 0.00556  |  MAE_val(macro) 0.49914  lr 6.25e-05  140.7s
  ep  82  loss 0.85249  L_gap 0.84963  L_bnd 0.00573  |  MAE_val(macro) 0.49924  lr 6.25e-05  142.4s
  ep  83  loss 0.86543  L_gap 0.86258  L_bnd 0.00568  |  MAE_val(macro) 0.49934  lr 6.25e-05  140.4s
  ep  84  loss 0.86655  L_gap 0.86378  L_bnd 0.00555  |  MAE_val(macro) 0.49937  lr 6.25e-05  141.9s
  ep  85  loss 0.88945  L_gap 0.88656  L_bnd 0.00577  |  MAE_val(macro) 0.50026  lr 6.25e-05  139.7s
  ep  86  loss 0.85060  L_gap 0.84779  L_bnd 0.00562  |  MAE_val(macro) 0.49965  lr 6.25e-05  142.5s
  ep  87  loss 0.86542  L_gap 0.86265  L_bnd 0.00554  |  MAE_val(macro) 0.49818  lr 6.25e-05  139.4s
  ep  88  loss 0.85951  L_gap 0.85673  L_bnd 0.00556  |  MAE_val(macro) 0.49922  lr 6.25e-05  141.6s
  ep  89  loss 0.86296  L_gap 0.86024  L_bnd 0.00544  |  MAE_val(macro) 0.49988  lr 6.25e-05  140.8s
  ep  90  loss 0.85787  L_gap 0.85511  L_bnd 0.00553  |  MAE_val(macro) 0.50024  lr 6.25e-05  142.0s
  ep  91  loss 0.89870  L_gap 0.89588  L_bnd 0.00564  |  MAE_val(macro) 0.49926  lr 6.25e-05  140.7s
  ep  92  loss 0.90376  L_gap 0.90099  L_bnd 0.00554  |  MAE_val(macro) 0.50007  lr 6.25e-05  140.6s
  ep  93  loss 0.87221  L_gap 0.86938  L_bnd 0.00566  |  MAE_val(macro) 0.50016  lr 3.13e-05  141.2s
  ep  94  loss 0.84918  L_gap 0.84634  L_bnd 0.00568  |  MAE_val(macro) 0.49902  lr 3.13e-05  143.3s
  ep  95  loss 0.90027  L_gap 0.89759  L_bnd 0.00537  |  MAE_val(macro) 0.49916  lr 3.13e-05  140.1s
  ep  96  loss 0.86146  L_gap 0.85875  L_bnd 0.00543  |  MAE_val(macro) 0.49939  lr 3.13e-05  140.5s
  ep  97  loss 0.87122  L_gap 0.86852  L_bnd 0.00541  |  MAE_val(macro) 0.49852  lr 3.13e-05  140.0s
  early stopping: 10 epoch khong cai thien.
  xong: MAE_val tot nhat 0.49818 tai epoch 87/97, 226.3 phut, 140.0 s/epoch. Ghi e5_f4_lam0.5.json, e5_f4_lam0.5.pt
  > D:\nam4_ky1\AI_4_IOT\Module 5 - PROJECT\G6\train.py --id e5_f4_lam1 --lam 1.0 --fold 4
[e5_f4_lam1] device=cpu | train S[1, 2, 3, 4, 5, 6, 7, 8, 9, 15] | val S[13, 14] | lam=1.0 | lstm=True | acc=False
  nap xong: train 41860 cua so, val 9041 cua so (12s)
  ep   1  loss 1.31617  L_gap 1.22682  L_bnd 0.08935  |  MAE_val(macro) 0.74113  lr 1.00e-03  137.0s
  ep   2  loss 1.19957  L_gap 1.17542  L_bnd 0.02416  |  MAE_val(macro) 0.72817  lr 1.00e-03  140.7s
  ep   3  loss 1.17231  L_gap 1.15304  L_bnd 0.01927  |  MAE_val(macro) 0.71855  lr 1.00e-03  140.6s
  ep   4  loss 1.14427  L_gap 1.12492  L_bnd 0.01935  |  MAE_val(macro) 0.67417  lr 1.00e-03  138.9s
  ep   5  loss 1.08460  L_gap 1.06451  L_bnd 0.02009  |  MAE_val(macro) 0.62905  lr 1.00e-03  138.8s
  ep   6  loss 1.06953  L_gap 1.05145  L_bnd 0.01808  |  MAE_val(macro) 0.59671  lr 1.00e-03  141.1s
  ep   7  loss 1.02730  L_gap 1.01067  L_bnd 0.01664  |  MAE_val(macro) 0.58288  lr 1.00e-03  139.2s
  ep   8  loss 0.98975  L_gap 0.97441  L_bnd 0.01534  |  MAE_val(macro) 0.57711  lr 1.00e-03  140.6s
  ep   9  loss 0.98019  L_gap 0.96574  L_bnd 0.01445  |  MAE_val(macro) 0.56543  lr 1.00e-03  139.7s
  ep  10  loss 0.99157  L_gap 0.97751  L_bnd 0.01406  |  MAE_val(macro) 0.56615  lr 1.00e-03  144.2s
  ep  11  loss 0.98971  L_gap 0.97615  L_bnd 0.01356  |  MAE_val(macro) 0.56154  lr 1.00e-03  140.7s
  ep  12  loss 0.99012  L_gap 0.97775  L_bnd 0.01236  |  MAE_val(macro) 0.57602  lr 1.00e-03  140.3s
  ep  13  loss 0.95686  L_gap 0.94455  L_bnd 0.01231  |  MAE_val(macro) 0.56077  lr 1.00e-03  139.9s
  ep  14  loss 0.94850  L_gap 0.93624  L_bnd 0.01226  |  MAE_val(macro) 0.55090  lr 1.00e-03  141.8s
  ep  15  loss 1.00641  L_gap 0.99400  L_bnd 0.01240  |  MAE_val(macro) 0.53961  lr 1.00e-03  140.3s
  ep  16  loss 0.96237  L_gap 0.95110  L_bnd 0.01128  |  MAE_val(macro) 0.56141  lr 1.00e-03  141.7s
  ep  17  loss 0.96666  L_gap 0.95436  L_bnd 0.01230  |  MAE_val(macro) 0.54236  lr 1.00e-03  141.3s
  ep  18  loss 0.92974  L_gap 0.91862  L_bnd 0.01111  |  MAE_val(macro) 0.54156  lr 1.00e-03  141.1s
  ep  19  loss 0.95155  L_gap 0.94133  L_bnd 0.01022  |  MAE_val(macro) 0.54296  lr 1.00e-03  142.4s
  ep  20  loss 0.92201  L_gap 0.91128  L_bnd 0.01073  |  MAE_val(macro) 0.54589  lr 1.00e-03  141.3s
  ep  21  loss 0.94774  L_gap 0.93778  L_bnd 0.00996  |  MAE_val(macro) 0.54350  lr 5.00e-04  139.1s
  ep  22  loss 0.94638  L_gap 0.93787  L_bnd 0.00852  |  MAE_val(macro) 0.54073  lr 5.00e-04  139.9s
  ep  23  loss 0.92327  L_gap 0.91470  L_bnd 0.00857  |  MAE_val(macro) 0.53225  lr 5.00e-04  142.3s
  ep  24  loss 0.92381  L_gap 0.91568  L_bnd 0.00813  |  MAE_val(macro) 0.52493  lr 5.00e-04  140.1s
  ep  25  loss 0.92870  L_gap 0.92083  L_bnd 0.00787  |  MAE_val(macro) 0.53270  lr 5.00e-04  139.6s
  ep  26  loss 0.94565  L_gap 0.93749  L_bnd 0.00816  |  MAE_val(macro) 0.52209  lr 5.00e-04  141.1s
  ep  27  loss 0.93850  L_gap 0.93078  L_bnd 0.00772  |  MAE_val(macro) 0.52632  lr 5.00e-04  143.2s
  ep  28  loss 0.91610  L_gap 0.90847  L_bnd 0.00763  |  MAE_val(macro) 0.52420  lr 5.00e-04  140.3s
  ep  29  loss 0.92317  L_gap 0.91527  L_bnd 0.00790  |  MAE_val(macro) 0.52687  lr 5.00e-04  143.0s
  ep  30  loss 0.92386  L_gap 0.91638  L_bnd 0.00749  |  MAE_val(macro) 0.52656  lr 5.00e-04  139.6s
  ep  31  loss 0.92933  L_gap 0.92159  L_bnd 0.00774  |  MAE_val(macro) 0.51845  lr 5.00e-04  142.0s
  ep  32  loss 0.90391  L_gap 0.89651  L_bnd 0.00740  |  MAE_val(macro) 0.52856  lr 5.00e-04  140.7s
  ep  33  loss 0.89226  L_gap 0.88481  L_bnd 0.00745  |  MAE_val(macro) 0.52278  lr 5.00e-04  140.7s
  ep  34  loss 0.93145  L_gap 0.92374  L_bnd 0.00771  |  MAE_val(macro) 0.52309  lr 5.00e-04  140.1s
  ep  35  loss 0.91674  L_gap 0.90926  L_bnd 0.00748  |  MAE_val(macro) 0.51990  lr 5.00e-04  139.9s
  ep  36  loss 0.88845  L_gap 0.88137  L_bnd 0.00707  |  MAE_val(macro) 0.52631  lr 5.00e-04  141.7s
  ep  37  loss 0.90635  L_gap 0.89946  L_bnd 0.00688  |  MAE_val(macro) 0.52460  lr 2.50e-04  140.9s
  ep  38  loss 0.92972  L_gap 0.92340  L_bnd 0.00632  |  MAE_val(macro) 0.51424  lr 2.50e-04  140.7s
  ep  39  loss 0.89826  L_gap 0.89214  L_bnd 0.00612  |  MAE_val(macro) 0.51648  lr 2.50e-04  142.2s
  ep  40  loss 0.89577  L_gap 0.88961  L_bnd 0.00616  |  MAE_val(macro) 0.51405  lr 2.50e-04  143.2s
  ep  41  loss 0.87654  L_gap 0.87068  L_bnd 0.00586  |  MAE_val(macro) 0.51500  lr 2.50e-04  140.6s
  ep  42  loss 0.89870  L_gap 0.89244  L_bnd 0.00626  |  MAE_val(macro) 0.51393  lr 2.50e-04  142.0s
  ep  43  loss 0.92606  L_gap 0.91994  L_bnd 0.00612  |  MAE_val(macro) 0.51142  lr 2.50e-04  140.0s
  ep  44  loss 0.91852  L_gap 0.91250  L_bnd 0.00602  |  MAE_val(macro) 0.51351  lr 2.50e-04  141.1s
  ep  45  loss 0.92107  L_gap 0.91512  L_bnd 0.00595  |  MAE_val(macro) 0.51386  lr 2.50e-04  139.9s
  ep  46  loss 0.87202  L_gap 0.86616  L_bnd 0.00585  |  MAE_val(macro) 0.51281  lr 2.50e-04  140.3s
  ep  47  loss 0.88170  L_gap 0.87590  L_bnd 0.00580  |  MAE_val(macro) 0.51348  lr 2.50e-04  140.0s
  ep  48  loss 0.88852  L_gap 0.88275  L_bnd 0.00577  |  MAE_val(macro) 0.51438  lr 2.50e-04  143.9s
  ep  49  loss 0.88950  L_gap 0.88363  L_bnd 0.00587  |  MAE_val(macro) 0.50960  lr 2.50e-04  142.0s
  ep  50  loss 0.90869  L_gap 0.90280  L_bnd 0.00588  |  MAE_val(macro) 0.51488  lr 2.50e-04  140.0s
  ep  51  loss 0.86875  L_gap 0.86302  L_bnd 0.00573  |  MAE_val(macro) 0.51226  lr 2.50e-04  140.8s
  ep  52  loss 0.90460  L_gap 0.89912  L_bnd 0.00549  |  MAE_val(macro) 0.51155  lr 2.50e-04  140.4s
  ep  53  loss 0.90645  L_gap 0.90080  L_bnd 0.00565  |  MAE_val(macro) 0.51255  lr 2.50e-04  141.3s
  ep  54  loss 0.93379  L_gap 0.92786  L_bnd 0.00592  |  MAE_val(macro) 0.51233  lr 2.50e-04  138.8s
  ep  55  loss 0.87336  L_gap 0.86772  L_bnd 0.00564  |  MAE_val(macro) 0.51200  lr 1.25e-04  141.4s
  ep  56  loss 0.91157  L_gap 0.90631  L_bnd 0.00527  |  MAE_val(macro) 0.50860  lr 1.25e-04  143.0s
  ep  57  loss 0.88924  L_gap 0.88405  L_bnd 0.00519  |  MAE_val(macro) 0.50676  lr 1.25e-04  142.2s
  ep  58  loss 0.88613  L_gap 0.88085  L_bnd 0.00528  |  MAE_val(macro) 0.50791  lr 1.25e-04  139.6s
  ep  59  loss 0.90565  L_gap 0.90056  L_bnd 0.00509  |  MAE_val(macro) 0.50862  lr 1.25e-04  140.4s
  ep  60  loss 0.87670  L_gap 0.87159  L_bnd 0.00510  |  MAE_val(macro) 0.50826  lr 1.25e-04  139.1s
  ep  61  loss 0.87951  L_gap 0.87428  L_bnd 0.00523  |  MAE_val(macro) 0.50772  lr 1.25e-04  142.4s
  ep  62  loss 0.93635  L_gap 0.93105  L_bnd 0.00530  |  MAE_val(macro) 0.50850  lr 1.25e-04  139.5s
  ep  63  loss 0.89701  L_gap 0.89189  L_bnd 0.00511  |  MAE_val(macro) 0.50788  lr 6.25e-05  140.9s
  ep  64  loss 0.87759  L_gap 0.87265  L_bnd 0.00494  |  MAE_val(macro) 0.50639  lr 6.25e-05  140.5s
  ep  65  loss 0.86079  L_gap 0.85597  L_bnd 0.00481  |  MAE_val(macro) 0.50686  lr 6.25e-05  142.2s
  ep  66  loss 0.87741  L_gap 0.87238  L_bnd 0.00503  |  MAE_val(macro) 0.50649  lr 6.25e-05  141.0s
  ep  67  loss 0.89095  L_gap 0.88623  L_bnd 0.00472  |  MAE_val(macro) 0.50655  lr 6.25e-05  140.2s
  ep  68  loss 0.88700  L_gap 0.88216  L_bnd 0.00485  |  MAE_val(macro) 0.50890  lr 6.25e-05  140.9s
  ep  69  loss 0.90838  L_gap 0.90356  L_bnd 0.00482  |  MAE_val(macro) 0.50714  lr 6.25e-05  139.3s
  ep  70  loss 0.88596  L_gap 0.88118  L_bnd 0.00477  |  MAE_val(macro) 0.50690  lr 3.13e-05  143.0s
  ep  71  loss 0.91603  L_gap 0.91126  L_bnd 0.00477  |  MAE_val(macro) 0.50582  lr 3.13e-05  141.1s
  ep  72  loss 0.89064  L_gap 0.88586  L_bnd 0.00478  |  MAE_val(macro) 0.50539  lr 3.13e-05  139.7s
  ep  73  loss 0.90107  L_gap 0.89640  L_bnd 0.00467  |  MAE_val(macro) 0.50574  lr 3.13e-05  140.6s
  ep  74  loss 0.86086  L_gap 0.85618  L_bnd 0.00469  |  MAE_val(macro) 0.50620  lr 3.13e-05  144.8s
  ep  75  loss 0.87703  L_gap 0.87232  L_bnd 0.00471  |  MAE_val(macro) 0.50628  lr 3.13e-05  138.8s
  ep  76  loss 0.88317  L_gap 0.87857  L_bnd 0.00460  |  MAE_val(macro) 0.50550  lr 3.13e-05  141.7s
  ep  77  loss 0.88419  L_gap 0.87934  L_bnd 0.00486  |  MAE_val(macro) 0.50546  lr 3.13e-05  140.3s
  ep  78  loss 0.87076  L_gap 0.86604  L_bnd 0.00472  |  MAE_val(macro) 0.50635  lr 1.56e-05  142.2s
  ep  79  loss 0.88735  L_gap 0.88261  L_bnd 0.00474  |  MAE_val(macro) 0.50477  lr 1.56e-05  139.3s
  ep  80  loss 0.89257  L_gap 0.88798  L_bnd 0.00460  |  MAE_val(macro) 0.50552  lr 1.56e-05  140.5s
  ep  81  loss 0.84324  L_gap 0.83867  L_bnd 0.00456  |  MAE_val(macro) 0.50461  lr 1.56e-05  142.6s
  ep  82  loss 0.86770  L_gap 0.86297  L_bnd 0.00474  |  MAE_val(macro) 0.50486  lr 1.56e-05  143.0s
  ep  83  loss 0.87989  L_gap 0.87520  L_bnd 0.00469  |  MAE_val(macro) 0.50492  lr 1.56e-05  140.7s
  ep  84  loss 0.88087  L_gap 0.87622  L_bnd 0.00465  |  MAE_val(macro) 0.50497  lr 1.56e-05  140.6s
  ep  85  loss 0.90489  L_gap 0.90012  L_bnd 0.00477  |  MAE_val(macro) 0.50572  lr 1.56e-05  139.9s
  ep  86  loss 0.86498  L_gap 0.86032  L_bnd 0.00466  |  MAE_val(macro) 0.50504  lr 1.56e-05  139.9s
  ep  87  loss 0.88047  L_gap 0.87588  L_bnd 0.00459  |  MAE_val(macro) 0.50429  lr 1.56e-05  142.6s
  ep  88  loss 0.87477  L_gap 0.87011  L_bnd 0.00466  |  MAE_val(macro) 0.50484  lr 1.56e-05  142.4s
  ep  89  loss 0.87680  L_gap 0.87232  L_bnd 0.00447  |  MAE_val(macro) 0.50491  lr 1.56e-05  139.9s
  ep  90  loss 0.87369  L_gap 0.86910  L_bnd 0.00459  |  MAE_val(macro) 0.50601  lr 1.56e-05  141.7s
  ep  91  loss 0.91389  L_gap 0.90928  L_bnd 0.00460  |  MAE_val(macro) 0.50471  lr 1.56e-05  141.1s
  ep  92  loss 0.91941  L_gap 0.91484  L_bnd 0.00457  |  MAE_val(macro) 0.50521  lr 1.56e-05  139.0s
  ep  93  loss 0.88788  L_gap 0.88322  L_bnd 0.00465  |  MAE_val(macro) 0.50575  lr 7.81e-06  139.5s
  ep  94  loss 0.86472  L_gap 0.86000  L_bnd 0.00471  |  MAE_val(macro) 0.50515  lr 7.81e-06  139.5s
  ep  95  loss 0.91610  L_gap 0.91166  L_bnd 0.00444  |  MAE_val(macro) 0.50465  lr 7.81e-06  149.0s
  ep  96  loss 0.87674  L_gap 0.87224  L_bnd 0.00449  |  MAE_val(macro) 0.50485  lr 7.81e-06  148.2s
  ep  97  loss 0.88816  L_gap 0.88364  L_bnd 0.00452  |  MAE_val(macro) 0.50459  lr 7.81e-06  137.9s
  early stopping: 10 epoch khong cai thien.
  xong: MAE_val tot nhat 0.50429 tai epoch 87/97, 228.0 phut, 141.0 s/epoch. Ghi e5_f4_lam1.json, e5_f4_lam1.pt
  fold 4: tot nhat e5_f4_lam0.5 {'e5_f4_lam0': 0.50012, 'e5_f4_lam0.1': 0.50019, 'e5_f4_lam0.5': 0.49818, 'e5_f4_lam1': 0.50429}
  > D:\nam4_ky1\AI_4_IOT\Module 5 - PROJECT\G6\train.py --id e5_f5_lam0 --lam 0.0 --fold 5
[e5_f5_lam0] device=cpu | train S[3, 4, 5, 6, 7, 8, 9, 10, 11, 12] | val S[1, 2] | lam=0.0 | lstm=True | acc=False
  nap xong: train 42988 cua so, val 8702 cua so (13s)
  ep   1  loss 1.19081  L_gap 1.19081  L_bnd 0.15285  |  MAE_val(macro) 0.71681  lr 1.00e-03  143.5s
  ep   2  loss 1.10253  L_gap 1.10253  L_bnd 0.07228  |  MAE_val(macro) 0.64242  lr 1.00e-03  143.6s
  ep   3  loss 1.04441  L_gap 1.04441  L_bnd 0.06300  |  MAE_val(macro) 0.62174  lr 1.00e-03  142.8s
  ep   4  loss 0.94928  L_gap 0.94928  L_bnd 0.05367  |  MAE_val(macro) 0.61005  lr 1.00e-03  146.3s
  ep   5  loss 0.95890  L_gap 0.95890  L_bnd 0.05075  |  MAE_val(macro) 0.60706  lr 1.00e-03  143.9s
  ep   6  loss 0.97605  L_gap 0.97605  L_bnd 0.04703  |  MAE_val(macro) 0.60470  lr 1.00e-03  146.0s
  ep   7  loss 0.96116  L_gap 0.96116  L_bnd 0.04509  |  MAE_val(macro) 0.60059  lr 1.00e-03  145.5s
  ep   8  loss 0.95265  L_gap 0.95265  L_bnd 0.04324  |  MAE_val(macro) 0.60638  lr 1.00e-03  146.5s
  ep   9  loss 0.93250  L_gap 0.93250  L_bnd 0.04209  |  MAE_val(macro) 0.60512  lr 1.00e-03  146.9s
  ep  10  loss 0.93599  L_gap 0.93599  L_bnd 0.04261  |  MAE_val(macro) 0.60547  lr 1.00e-03  147.7s
  ep  11  loss 0.91068  L_gap 0.91068  L_bnd 0.04175  |  MAE_val(macro) 0.59795  lr 1.00e-03  146.9s
  ep  12  loss 0.96795  L_gap 0.96795  L_bnd 0.03954  |  MAE_val(macro) 0.59716  lr 1.00e-03  143.8s
  ep  13  loss 0.90032  L_gap 0.90032  L_bnd 0.03937  |  MAE_val(macro) 0.58899  lr 1.00e-03  144.3s
  ep  14  loss 0.93382  L_gap 0.93382  L_bnd 0.03634  |  MAE_val(macro) 0.59121  lr 1.00e-03  142.8s
  ep  15  loss 0.92962  L_gap 0.92962  L_bnd 0.03591  |  MAE_val(macro) 0.58811  lr 1.00e-03  145.2s
  ep  16  loss 0.88734  L_gap 0.88734  L_bnd 0.03529  |  MAE_val(macro) 0.58973  lr 1.00e-03  145.3s
  ep  17  loss 0.93042  L_gap 0.93042  L_bnd 0.03517  |  MAE_val(macro) 0.58404  lr 1.00e-03  145.6s
  ep  18  loss 0.95633  L_gap 0.95633  L_bnd 0.03411  |  MAE_val(macro) 0.58181  lr 1.00e-03  143.9s
  ep  19  loss 0.91632  L_gap 0.91632  L_bnd 0.03497  |  MAE_val(macro) 0.58022  lr 1.00e-03  146.0s
  ep  20  loss 0.90695  L_gap 0.90695  L_bnd 0.03422  |  MAE_val(macro) 0.58672  lr 1.00e-03  143.3s
  ep  21  loss 0.87497  L_gap 0.87497  L_bnd 0.03138  |  MAE_val(macro) 0.57848  lr 1.00e-03  142.8s
  ep  22  loss 0.92200  L_gap 0.92200  L_bnd 0.03318  |  MAE_val(macro) 0.58003  lr 1.00e-03  142.9s
  ep  23  loss 0.90872  L_gap 0.90872  L_bnd 0.03223  |  MAE_val(macro) 0.57970  lr 1.00e-03  143.1s
  ep  24  loss 0.90806  L_gap 0.90806  L_bnd 0.03226  |  MAE_val(macro) 0.57941  lr 1.00e-03  142.6s
  ep  25  loss 0.89147  L_gap 0.89147  L_bnd 0.03139  |  MAE_val(macro) 0.57849  lr 1.00e-03  142.2s
  ep  26  loss 0.86813  L_gap 0.86813  L_bnd 0.03028  |  MAE_val(macro) 0.58186  lr 1.00e-03  143.5s
  ep  27  loss 0.88950  L_gap 0.88950  L_bnd 0.02967  |  MAE_val(macro) 0.57782  lr 1.00e-03  145.1s
  ep  28  loss 0.88339  L_gap 0.88339  L_bnd 0.03038  |  MAE_val(macro) 0.57918  lr 1.00e-03  142.3s
  ep  29  loss 0.89463  L_gap 0.89463  L_bnd 0.03069  |  MAE_val(macro) 0.57906  lr 1.00e-03  142.5s
  ep  30  loss 0.91890  L_gap 0.91890  L_bnd 0.03096  |  MAE_val(macro) 0.57957  lr 1.00e-03  141.9s
  ep  31  loss 0.87720  L_gap 0.87720  L_bnd 0.02879  |  MAE_val(macro) 0.57627  lr 1.00e-03  144.8s
  ep  32  loss 0.88584  L_gap 0.88584  L_bnd 0.02901  |  MAE_val(macro) 0.57381  lr 1.00e-03  142.1s
  ep  33  loss 0.90628  L_gap 0.90628  L_bnd 0.02832  |  MAE_val(macro) 0.57290  lr 1.00e-03  141.8s
  ep  34  loss 0.89146  L_gap 0.89146  L_bnd 0.02833  |  MAE_val(macro) 0.57587  lr 1.00e-03  143.3s
  ep  35  loss 0.88070  L_gap 0.88070  L_bnd 0.02807  |  MAE_val(macro) 0.56883  lr 1.00e-03  141.0s
  ep  36  loss 0.87088  L_gap 0.87088  L_bnd 0.02726  |  MAE_val(macro) 0.56914  lr 1.00e-03  144.5s
  ep  37  loss 0.87117  L_gap 0.87117  L_bnd 0.02609  |  MAE_val(macro) 0.56927  lr 1.00e-03  141.7s
  ep  38  loss 0.88134  L_gap 0.88134  L_bnd 0.02663  |  MAE_val(macro) 0.57330  lr 1.00e-03  143.1s
  ep  39  loss 0.89038  L_gap 0.89038  L_bnd 0.02657  |  MAE_val(macro) 0.56883  lr 1.00e-03  142.9s
  ep  40  loss 0.88409  L_gap 0.88409  L_bnd 0.02705  |  MAE_val(macro) 0.56728  lr 1.00e-03  144.1s
  ep  41  loss 0.86240  L_gap 0.86240  L_bnd 0.02550  |  MAE_val(macro) 0.56935  lr 1.00e-03  142.8s
  ep  42  loss 0.86644  L_gap 0.86644  L_bnd 0.02605  |  MAE_val(macro) 0.57160  lr 1.00e-03  141.0s
  ep  43  loss 0.87184  L_gap 0.87184  L_bnd 0.02605  |  MAE_val(macro) 0.57286  lr 1.00e-03  141.8s
  ep  44  loss 0.91491  L_gap 0.91491  L_bnd 0.02528  |  MAE_val(macro) 0.57093  lr 1.00e-03  144.1s
  ep  45  loss 0.83663  L_gap 0.83663  L_bnd 0.02530  |  MAE_val(macro) 0.56840  lr 1.00e-03  142.8s
  ep  46  loss 0.88918  L_gap 0.88918  L_bnd 0.02494  |  MAE_val(macro) 0.57053  lr 5.00e-04  143.1s
  ep  47  loss 0.86044  L_gap 0.86044  L_bnd 0.02330  |  MAE_val(macro) 0.56050  lr 5.00e-04  143.8s
  ep  48  loss 0.86064  L_gap 0.86064  L_bnd 0.02270  |  MAE_val(macro) 0.56396  lr 5.00e-04  143.9s
  ep  49  loss 0.84307  L_gap 0.84307  L_bnd 0.02307  |  MAE_val(macro) 0.56532  lr 5.00e-04  141.8s
  ep  50  loss 0.85646  L_gap 0.85646  L_bnd 0.02265  |  MAE_val(macro) 0.56244  lr 5.00e-04  143.6s
  ep  51  loss 0.87125  L_gap 0.87125  L_bnd 0.02245  |  MAE_val(macro) 0.56147  lr 5.00e-04  143.3s
  ep  52  loss 0.87723  L_gap 0.87723  L_bnd 0.02211  |  MAE_val(macro) 0.56029  lr 5.00e-04  149.4s
  ep  53  loss 0.85169  L_gap 0.85169  L_bnd 0.02089  |  MAE_val(macro) 0.56043  lr 5.00e-04  142.3s
  ep  54  loss 0.88123  L_gap 0.88123  L_bnd 0.02196  |  MAE_val(macro) 0.56665  lr 5.00e-04  141.5s
  ep  55  loss 0.87329  L_gap 0.87329  L_bnd 0.02087  |  MAE_val(macro) 0.56518  lr 5.00e-04  144.3s
  ep  56  loss 0.90225  L_gap 0.90225  L_bnd 0.02051  |  MAE_val(macro) 0.56250  lr 5.00e-04  145.4s
  ep  57  loss 0.86760  L_gap 0.86760  L_bnd 0.02203  |  MAE_val(macro) 0.56002  lr 5.00e-04  143.8s
  ep  58  loss 0.86682  L_gap 0.86682  L_bnd 0.02172  |  MAE_val(macro) 0.56254  lr 5.00e-04  142.3s
  ep  59  loss 0.85139  L_gap 0.85139  L_bnd 0.02034  |  MAE_val(macro) 0.56891  lr 5.00e-04  143.4s
  ep  60  loss 0.84470  L_gap 0.84470  L_bnd 0.02203  |  MAE_val(macro) 0.56064  lr 5.00e-04  144.6s
  ep  61  loss 0.86495  L_gap 0.86495  L_bnd 0.02040  |  MAE_val(macro) 0.56202  lr 5.00e-04  145.9s
  ep  62  loss 0.83636  L_gap 0.83636  L_bnd 0.02020  |  MAE_val(macro) 0.55845  lr 5.00e-04  145.5s
  ep  63  loss 0.84625  L_gap 0.84625  L_bnd 0.02015  |  MAE_val(macro) 0.55889  lr 5.00e-04  143.7s
  ep  64  loss 0.89439  L_gap 0.89439  L_bnd 0.02058  |  MAE_val(macro) 0.56126  lr 5.00e-04  144.7s
  ep  65  loss 0.85497  L_gap 0.85497  L_bnd 0.02029  |  MAE_val(macro) 0.56001  lr 5.00e-04  147.8s
  ep  66  loss 0.84913  L_gap 0.84913  L_bnd 0.01959  |  MAE_val(macro) 0.56934  lr 5.00e-04  144.9s
  ep  67  loss 0.84789  L_gap 0.84789  L_bnd 0.02035  |  MAE_val(macro) 0.56055  lr 5.00e-04  144.1s
  ep  68  loss 0.84107  L_gap 0.84107  L_bnd 0.02028  |  MAE_val(macro) 0.56075  lr 2.50e-04  144.0s
  ep  69  loss 0.82576  L_gap 0.82576  L_bnd 0.01875  |  MAE_val(macro) 0.55997  lr 2.50e-04  146.8s
  ep  70  loss 0.86646  L_gap 0.86646  L_bnd 0.01911  |  MAE_val(macro) 0.55675  lr 2.50e-04  148.6s
  ep  71  loss 0.85053  L_gap 0.85053  L_bnd 0.01838  |  MAE_val(macro) 0.55792  lr 2.50e-04  151.2s
  ep  72  loss 0.82696  L_gap 0.82696  L_bnd 0.01830  |  MAE_val(macro) 0.55655  lr 2.50e-04  145.0s
  ep  73  loss 0.85080  L_gap 0.85080  L_bnd 0.01849  |  MAE_val(macro) 0.55712  lr 2.50e-04  144.5s
  ep  74  loss 0.85988  L_gap 0.85988  L_bnd 0.01877  |  MAE_val(macro) 0.55906  lr 2.50e-04  143.1s
  ep  75  loss 0.84799  L_gap 0.84799  L_bnd 0.01830  |  MAE_val(macro) 0.55815  lr 2.50e-04  143.0s
  ep  76  loss 0.85124  L_gap 0.85124  L_bnd 0.01785  |  MAE_val(macro) 0.55799  lr 2.50e-04  143.0s
  ep  77  loss 0.85707  L_gap 0.85707  L_bnd 0.01803  |  MAE_val(macro) 0.55728  lr 2.50e-04  145.1s
  ep  78  loss 0.84016  L_gap 0.84016  L_bnd 0.01886  |  MAE_val(macro) 0.55813  lr 1.25e-04  143.1s
  ep  79  loss 0.84803  L_gap 0.84803  L_bnd 0.01803  |  MAE_val(macro) 0.55639  lr 1.25e-04  143.1s
  ep  80  loss 0.83197  L_gap 0.83197  L_bnd 0.01749  |  MAE_val(macro) 0.55642  lr 1.25e-04  144.7s
  ep  81  loss 0.83884  L_gap 0.83884  L_bnd 0.01747  |  MAE_val(macro) 0.55605  lr 1.25e-04  146.7s
  ep  82  loss 0.85557  L_gap 0.85557  L_bnd 0.01739  |  MAE_val(macro) 0.55834  lr 1.25e-04  144.7s
  ep  83  loss 0.83875  L_gap 0.83875  L_bnd 0.01721  |  MAE_val(macro) 0.55786  lr 1.25e-04  143.4s
  ep  84  loss 0.82627  L_gap 0.82627  L_bnd 0.01744  |  MAE_val(macro) 0.55594  lr 1.25e-04  142.9s
  ep  85  loss 0.81920  L_gap 0.81920  L_bnd 0.01733  |  MAE_val(macro) 0.55651  lr 1.25e-04  149.0s
  ep  86  loss 0.81522  L_gap 0.81522  L_bnd 0.01704  |  MAE_val(macro) 0.55701  lr 1.25e-04  145.2s
  ep  87  loss 0.83192  L_gap 0.83192  L_bnd 0.01699  |  MAE_val(macro) 0.55526  lr 1.25e-04  143.6s
  ep  88  loss 0.83647  L_gap 0.83647  L_bnd 0.01716  |  MAE_val(macro) 0.55578  lr 1.25e-04  142.1s
  ep  89  loss 0.86141  L_gap 0.86141  L_bnd 0.01751  |  MAE_val(macro) 0.55709  lr 1.25e-04  143.2s
  ep  90  loss 0.82973  L_gap 0.82973  L_bnd 0.01781  |  MAE_val(macro) 0.55552  lr 1.25e-04  145.5s
  ep  91  loss 0.84454  L_gap 0.84454  L_bnd 0.01728  |  MAE_val(macro) 0.55701  lr 1.25e-04  143.9s
  ep  92  loss 0.83966  L_gap 0.83966  L_bnd 0.01728  |  MAE_val(macro) 0.55864  lr 1.25e-04  142.0s
  ep  93  loss 0.85840  L_gap 0.85840  L_bnd 0.01675  |  MAE_val(macro) 0.55575  lr 6.25e-05  142.4s
  ep  94  loss 0.83910  L_gap 0.83910  L_bnd 0.01647  |  MAE_val(macro) 0.55487  lr 6.25e-05  144.8s
  ep  95  loss 0.86188  L_gap 0.86188  L_bnd 0.01682  |  MAE_val(macro) 0.55737  lr 6.25e-05  142.7s
  ep  96  loss 0.82255  L_gap 0.82255  L_bnd 0.01677  |  MAE_val(macro) 0.55438  lr 6.25e-05  143.5s
  ep  97  loss 0.82089  L_gap 0.82089  L_bnd 0.01679  |  MAE_val(macro) 0.55465  lr 6.25e-05  145.1s
  ep  98  loss 0.83329  L_gap 0.83329  L_bnd 0.01631  |  MAE_val(macro) 0.55485  lr 6.25e-05  143.8s
  ep  99  loss 0.81698  L_gap 0.81698  L_bnd 0.01677  |  MAE_val(macro) 0.55543  lr 6.25e-05  142.6s
  ep 100  loss 0.83834  L_gap 0.83834  L_bnd 0.01676  |  MAE_val(macro) 0.55579  lr 6.25e-05  142.8s
  xong: MAE_val tot nhat 0.55438 tai epoch 96/100, 240.2 phut, 144.1 s/epoch. Ghi e5_f5_lam0.json, e5_f5_lam0.pt
  > D:\nam4_ky1\AI_4_IOT\Module 5 - PROJECT\G6\train.py --id e5_f5_lam0.1 --lam 0.1 --fold 5
[e5_f5_lam0.1] device=cpu | train S[3, 4, 5, 6, 7, 8, 9, 10, 11, 12] | val S[1, 2] | lam=0.1 | lstm=True | acc=False
  nap xong: train 42988 cua so, val 8702 cua so (15s)
  ep   1  loss 1.19995  L_gap 1.18722  L_bnd 0.12734  |  MAE_val(macro) 0.72221  lr 1.00e-03  136.8s
  ep   2  loss 1.14348  L_gap 1.13839  L_bnd 0.05093  |  MAE_val(macro) 0.68386  lr 1.00e-03  141.1s
  ep   3  loss 1.07475  L_gap 1.06988  L_bnd 0.04867  |  MAE_val(macro) 0.63216  lr 1.00e-03  139.1s
  ep   4  loss 0.96289  L_gap 0.95904  L_bnd 0.03852  |  MAE_val(macro) 0.61431  lr 1.00e-03  142.2s
  ep   5  loss 0.96622  L_gap 0.96266  L_bnd 0.03563  |  MAE_val(macro) 0.60907  lr 1.00e-03  143.3s
  ep   6  loss 0.98112  L_gap 0.97782  L_bnd 0.03302  |  MAE_val(macro) 0.60310  lr 1.00e-03  145.7s
  ep   7  loss 0.96368  L_gap 0.96060  L_bnd 0.03088  |  MAE_val(macro) 0.60044  lr 1.00e-03  142.8s
  ep   8  loss 0.95352  L_gap 0.95067  L_bnd 0.02843  |  MAE_val(macro) 0.60247  lr 1.00e-03  143.7s
  ep   9  loss 0.93349  L_gap 0.93080  L_bnd 0.02689  |  MAE_val(macro) 0.60323  lr 1.00e-03  143.8s
  ep  10  loss 0.93753  L_gap 0.93485  L_bnd 0.02672  |  MAE_val(macro) 0.59686  lr 1.00e-03  146.8s
  ep  11  loss 0.91178  L_gap 0.90910  L_bnd 0.02679  |  MAE_val(macro) 0.59579  lr 1.00e-03  144.5s
  ep  12  loss 0.96976  L_gap 0.96720  L_bnd 0.02556  |  MAE_val(macro) 0.59250  lr 1.00e-03  143.6s
  ep  13  loss 0.90285  L_gap 0.90033  L_bnd 0.02529  |  MAE_val(macro) 0.58901  lr 1.00e-03  143.7s
  ep  14  loss 0.93576  L_gap 0.93350  L_bnd 0.02257  |  MAE_val(macro) 0.58653  lr 1.00e-03  146.6s
  ep  15  loss 0.93289  L_gap 0.93069  L_bnd 0.02203  |  MAE_val(macro) 0.58959  lr 1.00e-03  144.2s
  ep  16  loss 0.88909  L_gap 0.88688  L_bnd 0.02218  |  MAE_val(macro) 0.58775  lr 1.00e-03  137.1s
  ep  17  loss 0.93239  L_gap 0.93009  L_bnd 0.02302  |  MAE_val(macro) 0.58122  lr 1.00e-03  135.6s
  ep  18  loss 0.95819  L_gap 0.95607  L_bnd 0.02125  |  MAE_val(macro) 0.57914  lr 1.00e-03  144.2s
  ep  19  loss 0.91846  L_gap 0.91637  L_bnd 0.02087  |  MAE_val(macro) 0.57872  lr 1.00e-03  146.6s
  ep  20  loss 0.90886  L_gap 0.90678  L_bnd 0.02076  |  MAE_val(macro) 0.58218  lr 1.00e-03  142.4s
  ep  21  loss 0.87589  L_gap 0.87401  L_bnd 0.01882  |  MAE_val(macro) 0.57776  lr 1.00e-03  143.8s
  ep  22  loss 0.92353  L_gap 0.92147  L_bnd 0.02056  |  MAE_val(macro) 0.57773  lr 1.00e-03  142.8s
  ep  23  loss 0.90913  L_gap 0.90723  L_bnd 0.01899  |  MAE_val(macro) 0.57860  lr 1.00e-03  145.9s
  ep  24  loss 0.90898  L_gap 0.90706  L_bnd 0.01921  |  MAE_val(macro) 0.57757  lr 1.00e-03  143.1s
  ep  25  loss 0.89198  L_gap 0.89016  L_bnd 0.01823  |  MAE_val(macro) 0.58078  lr 1.00e-03  141.8s
  ep  26  loss 0.86834  L_gap 0.86653  L_bnd 0.01816  |  MAE_val(macro) 0.57939  lr 1.00e-03  142.2s
  ep  27  loss 0.89092  L_gap 0.88916  L_bnd 0.01761  |  MAE_val(macro) 0.57611  lr 1.00e-03  148.6s
  ep  28  loss 0.88477  L_gap 0.88292  L_bnd 0.01852  |  MAE_val(macro) 0.57621  lr 1.00e-03  144.4s
  ep  29  loss 0.89559  L_gap 0.89380  L_bnd 0.01793  |  MAE_val(macro) 0.57577  lr 1.00e-03  143.3s
  ep  30  loss 0.92033  L_gap 0.91855  L_bnd 0.01784  |  MAE_val(macro) 0.57559  lr 1.00e-03  144.2s
  ep  31  loss 0.87899  L_gap 0.87737  L_bnd 0.01618  |  MAE_val(macro) 0.57747  lr 1.00e-03  144.8s
  ep  32  loss 0.88821  L_gap 0.88649  L_bnd 0.01720  |  MAE_val(macro) 0.57701  lr 1.00e-03  143.8s
  ep  33  loss 0.90785  L_gap 0.90614  L_bnd 0.01711  |  MAE_val(macro) 0.57135  lr 1.00e-03  143.5s
  ep  34  loss 0.89405  L_gap 0.89241  L_bnd 0.01644  |  MAE_val(macro) 0.57693  lr 1.00e-03  143.3s
  ep  35  loss 0.88230  L_gap 0.88060  L_bnd 0.01699  |  MAE_val(macro) 0.57298  lr 1.00e-03  145.8s
  ep  36  loss 0.87257  L_gap 0.87097  L_bnd 0.01600  |  MAE_val(macro) 0.56981  lr 1.00e-03  143.9s
  ep  37  loss 0.87328  L_gap 0.87178  L_bnd 0.01496  |  MAE_val(macro) 0.57040  lr 1.00e-03  143.8s
  ep  38  loss 0.88373  L_gap 0.88218  L_bnd 0.01556  |  MAE_val(macro) 0.57066  lr 1.00e-03  143.3s
  ep  39  loss 0.89107  L_gap 0.88956  L_bnd 0.01509  |  MAE_val(macro) 0.57208  lr 1.00e-03  144.2s
  ep  40  loss 0.88586  L_gap 0.88430  L_bnd 0.01557  |  MAE_val(macro) 0.57139  lr 1.00e-03  144.8s
  ep  41  loss 0.86462  L_gap 0.86315  L_bnd 0.01464  |  MAE_val(macro) 0.56906  lr 1.00e-03  142.1s
  ep  42  loss 0.86867  L_gap 0.86712  L_bnd 0.01552  |  MAE_val(macro) 0.57115  lr 1.00e-03  143.0s
  ep  43  loss 0.87276  L_gap 0.87118  L_bnd 0.01574  |  MAE_val(macro) 0.57235  lr 1.00e-03  143.3s
  ep  44  loss 0.91654  L_gap 0.91505  L_bnd 0.01495  |  MAE_val(macro) 0.56925  lr 1.00e-03  145.5s
  ep  45  loss 0.83984  L_gap 0.83831  L_bnd 0.01531  |  MAE_val(macro) 0.56798  lr 1.00e-03  143.0s
  ep  46  loss 0.89081  L_gap 0.88936  L_bnd 0.01443  |  MAE_val(macro) 0.56999  lr 1.00e-03  143.6s
  ep  47  loss 0.87174  L_gap 0.87017  L_bnd 0.01578  |  MAE_val(macro) 0.56342  lr 1.00e-03  143.2s
  ep  48  loss 0.87134  L_gap 0.86984  L_bnd 0.01499  |  MAE_val(macro) 0.56917  lr 1.00e-03  145.1s
  ep  49  loss 0.85451  L_gap 0.85296  L_bnd 0.01546  |  MAE_val(macro) 0.57471  lr 1.00e-03  142.7s
  ep  50  loss 0.86695  L_gap 0.86546  L_bnd 0.01495  |  MAE_val(macro) 0.57111  lr 1.00e-03  143.0s
  ep  51  loss 0.88200  L_gap 0.88055  L_bnd 0.01450  |  MAE_val(macro) 0.56364  lr 1.00e-03  141.3s
  ep  52  loss 0.88762  L_gap 0.88616  L_bnd 0.01460  |  MAE_val(macro) 0.56257  lr 1.00e-03  145.1s
  ep  53  loss 0.86254  L_gap 0.86110  L_bnd 0.01439  |  MAE_val(macro) 0.56634  lr 1.00e-03  142.6s
  ep  54  loss 0.89145  L_gap 0.88997  L_bnd 0.01483  |  MAE_val(macro) 0.56703  lr 1.00e-03  144.3s
  ep  55  loss 0.88317  L_gap 0.88178  L_bnd 0.01390  |  MAE_val(macro) 0.57114  lr 1.00e-03  143.1s
  ep  56  loss 0.91280  L_gap 0.91139  L_bnd 0.01405  |  MAE_val(macro) 0.56281  lr 1.00e-03  146.3s
  ep  57  loss 0.87760  L_gap 0.87614  L_bnd 0.01452  |  MAE_val(macro) 0.56895  lr 1.00e-03  143.8s
  ep  58  loss 0.87702  L_gap 0.87550  L_bnd 0.01515  |  MAE_val(macro) 0.56502  lr 5.00e-04  142.4s
  ep  59  loss 0.85215  L_gap 0.85098  L_bnd 0.01171  |  MAE_val(macro) 0.56626  lr 5.00e-04  143.8s
  ep  60  loss 0.84562  L_gap 0.84430  L_bnd 0.01315  |  MAE_val(macro) 0.56107  lr 5.00e-04  145.0s
  ep  61  loss 0.86552  L_gap 0.86439  L_bnd 0.01131  |  MAE_val(macro) 0.55998  lr 5.00e-04  143.8s
  ep  62  loss 0.83499  L_gap 0.83388  L_bnd 0.01117  |  MAE_val(macro) 0.55878  lr 5.00e-04  141.8s
  ep  63  loss 0.84547  L_gap 0.84435  L_bnd 0.01129  |  MAE_val(macro) 0.55979  lr 5.00e-04  146.4s
  ep  64  loss 0.89466  L_gap 0.89347  L_bnd 0.01186  |  MAE_val(macro) 0.56079  lr 5.00e-04  144.8s
  ep  65  loss 0.85454  L_gap 0.85339  L_bnd 0.01150  |  MAE_val(macro) 0.55927  lr 5.00e-04  149.4s
  ep  66  loss 0.84857  L_gap 0.84747  L_bnd 0.01099  |  MAE_val(macro) 0.56837  lr 5.00e-04  148.1s
  ep  67  loss 0.85080  L_gap 0.84959  L_bnd 0.01212  |  MAE_val(macro) 0.56038  lr 5.00e-04  143.5s
  ep  68  loss 0.84070  L_gap 0.83958  L_bnd 0.01122  |  MAE_val(macro) 0.55850  lr 5.00e-04  143.5s
  ep  69  loss 0.82948  L_gap 0.82839  L_bnd 0.01091  |  MAE_val(macro) 0.56149  lr 5.00e-04  144.6s
  ep  70  loss 0.87100  L_gap 0.86982  L_bnd 0.01183  |  MAE_val(macro) 0.55794  lr 5.00e-04  135.7s
  ep  71  loss 0.85642  L_gap 0.85528  L_bnd 0.01141  |  MAE_val(macro) 0.56150  lr 5.00e-04  140.8s
  ep  72  loss 0.83311  L_gap 0.83201  L_bnd 0.01101  |  MAE_val(macro) 0.55710  lr 5.00e-04  140.8s
  ep  73  loss 0.85516  L_gap 0.85402  L_bnd 0.01143  |  MAE_val(macro) 0.56028  lr 5.00e-04  144.2s
  ep  74  loss 0.86447  L_gap 0.86337  L_bnd 0.01104  |  MAE_val(macro) 0.56149  lr 5.00e-04  132.1s
  ep  75  loss 0.85381  L_gap 0.85269  L_bnd 0.01124  |  MAE_val(macro) 0.55937  lr 5.00e-04  136.7s
  ep  76  loss 0.85539  L_gap 0.85432  L_bnd 0.01076  |  MAE_val(macro) 0.55875  lr 5.00e-04  141.8s
  ep  77  loss 0.86168  L_gap 0.86058  L_bnd 0.01092  |  MAE_val(macro) 0.56143  lr 5.00e-04  144.0s
  ep  78  loss 0.84419  L_gap 0.84305  L_bnd 0.01132  |  MAE_val(macro) 0.56083  lr 2.50e-04  142.6s
  ep  79  loss 0.84972  L_gap 0.84873  L_bnd 0.00984  |  MAE_val(macro) 0.55704  lr 2.50e-04  143.9s
  ep  80  loss 0.83465  L_gap 0.83368  L_bnd 0.00974  |  MAE_val(macro) 0.55787  lr 2.50e-04  144.0s
  ep  81  loss 0.84065  L_gap 0.83969  L_bnd 0.00960  |  MAE_val(macro) 0.55573  lr 2.50e-04  144.5s
  ep  82  loss 0.85877  L_gap 0.85781  L_bnd 0.00968  |  MAE_val(macro) 0.55917  lr 2.50e-04  142.2s
  ep  83  loss 0.83910  L_gap 0.83818  L_bnd 0.00913  |  MAE_val(macro) 0.55864  lr 2.50e-04  142.6s
  ep  84  loss 0.82688  L_gap 0.82590  L_bnd 0.00982  |  MAE_val(macro) 0.55690  lr 2.50e-04  144.1s
  ep  85  loss 0.82037  L_gap 0.81938  L_bnd 0.00994  |  MAE_val(macro) 0.55641  lr 2.50e-04  145.8s
  ep  86  loss 0.81619  L_gap 0.81525  L_bnd 0.00944  |  MAE_val(macro) 0.55689  lr 2.50e-04  150.7s
  ep  87  loss 0.83310  L_gap 0.83214  L_bnd 0.00958  |  MAE_val(macro) 0.55480  lr 2.50e-04  143.9s
  ep  88  loss 0.83551  L_gap 0.83456  L_bnd 0.00949  |  MAE_val(macro) 0.55671  lr 2.50e-04  143.6s
  ep  89  loss 0.86077  L_gap 0.85979  L_bnd 0.00984  |  MAE_val(macro) 0.55905  lr 2.50e-04  144.0s
  ep  90  loss 0.83200  L_gap 0.83103  L_bnd 0.00975  |  MAE_val(macro) 0.55586  lr 2.50e-04  144.0s
  ep  91  loss 0.84410  L_gap 0.84314  L_bnd 0.00959  |  MAE_val(macro) 0.55925  lr 2.50e-04  141.2s
  ep  92  loss 0.84091  L_gap 0.83993  L_bnd 0.00975  |  MAE_val(macro) 0.56204  lr 2.50e-04  144.4s
  ep  93  loss 0.85800  L_gap 0.85703  L_bnd 0.00974  |  MAE_val(macro) 0.55948  lr 1.25e-04  141.1s
  ep  94  loss 0.84015  L_gap 0.83925  L_bnd 0.00901  |  MAE_val(macro) 0.55455  lr 1.25e-04  147.1s
  ep  95  loss 0.85998  L_gap 0.85906  L_bnd 0.00929  |  MAE_val(macro) 0.55697  lr 1.25e-04  144.6s
  ep  96  loss 0.82159  L_gap 0.82067  L_bnd 0.00915  |  MAE_val(macro) 0.55425  lr 1.25e-04  142.0s
  ep  97  loss 0.81917  L_gap 0.81827  L_bnd 0.00898  |  MAE_val(macro) 0.55477  lr 1.25e-04  145.8s
  ep  98  loss 0.83181  L_gap 0.83093  L_bnd 0.00876  |  MAE_val(macro) 0.55491  lr 1.25e-04  145.5s
  ep  99  loss 0.81597  L_gap 0.81508  L_bnd 0.00890  |  MAE_val(macro) 0.55600  lr 1.25e-04  144.8s
  ep 100  loss 0.83805  L_gap 0.83715  L_bnd 0.00904  |  MAE_val(macro) 0.55589  lr 1.25e-04  144.4s
  xong: MAE_val tot nhat 0.55425 tai epoch 96/100, 239.2 phut, 143.5 s/epoch. Ghi e5_f5_lam0.1.json, e5_f5_lam0.1.pt
  > D:\nam4_ky1\AI_4_IOT\Module 5 - PROJECT\G6\train.py --id e5_f5_lam0.5 --lam 0.5 --fold 5
[e5_f5_lam0.5] device=cpu | train S[3, 4, 5, 6, 7, 8, 9, 10, 11, 12] | val S[1, 2] | lam=0.5 | lstm=True | acc=False
  nap xong: train 42988 cua so, val 8702 cua so (14s)
  ep   1  loss 1.23285  L_gap 1.18628  L_bnd 0.09313  |  MAE_val(macro) 0.72630  lr 1.00e-03  139.8s
  ep   2  loss 1.17054  L_gap 1.15587  L_bnd 0.02935  |  MAE_val(macro) 0.71133  lr 1.00e-03  146.6s
  ep   3  loss 1.15260  L_gap 1.13898  L_bnd 0.02726  |  MAE_val(macro) 0.65086  lr 1.00e-03  143.0s
  ep   4  loss 1.00261  L_gap 0.98955  L_bnd 0.02612  |  MAE_val(macro) 0.62153  lr 1.00e-03  143.8s
  ep   5  loss 0.99099  L_gap 0.97888  L_bnd 0.02421  |  MAE_val(macro) 0.61261  lr 1.00e-03  147.6s
  ep   6  loss 0.99871  L_gap 0.98782  L_bnd 0.02177  |  MAE_val(macro) 0.60830  lr 1.00e-03  144.2s
  ep   7  loss 0.97811  L_gap 0.96789  L_bnd 0.02044  |  MAE_val(macro) 0.60473  lr 1.00e-03  143.5s
  ep   8  loss 0.96708  L_gap 0.95753  L_bnd 0.01912  |  MAE_val(macro) 0.60335  lr 1.00e-03  145.1s
  ep   9  loss 0.94469  L_gap 0.93569  L_bnd 0.01800  |  MAE_val(macro) 0.60941  lr 1.00e-03  144.3s
  ep  10  loss 0.94738  L_gap 0.93869  L_bnd 0.01739  |  MAE_val(macro) 0.59281  lr 1.00e-03  145.7s
  ep  11  loss 0.91962  L_gap 0.91087  L_bnd 0.01751  |  MAE_val(macro) 0.59357  lr 1.00e-03  148.1s
  ep  12  loss 0.97832  L_gap 0.97030  L_bnd 0.01604  |  MAE_val(macro) 0.60046  lr 1.00e-03  143.2s
  ep  13  loss 0.90968  L_gap 0.90178  L_bnd 0.01580  |  MAE_val(macro) 0.59027  lr 1.00e-03  143.3s
  ep  14  loss 0.94372  L_gap 0.93622  L_bnd 0.01500  |  MAE_val(macro) 0.59129  lr 1.00e-03  143.8s
  ep  15  loss 0.93922  L_gap 0.93225  L_bnd 0.01394  |  MAE_val(macro) 0.58737  lr 1.00e-03  145.0s
  ep  16  loss 0.89693  L_gap 0.88977  L_bnd 0.01431  |  MAE_val(macro) 0.59002  lr 1.00e-03  142.5s
  ep  17  loss 0.93974  L_gap 0.93263  L_bnd 0.01423  |  MAE_val(macro) 0.58755  lr 1.00e-03  142.4s
  ep  18  loss 0.96648  L_gap 0.95963  L_bnd 0.01369  |  MAE_val(macro) 0.58051  lr 1.00e-03  143.4s
  ep  19  loss 0.92596  L_gap 0.91940  L_bnd 0.01312  |  MAE_val(macro) 0.58147  lr 1.00e-03  145.5s
  ep  20  loss 0.91615  L_gap 0.90960  L_bnd 0.01312  |  MAE_val(macro) 0.58116  lr 1.00e-03  143.0s
  ep  21  loss 0.88457  L_gap 0.87847  L_bnd 0.01221  |  MAE_val(macro) 0.57744  lr 1.00e-03  142.1s
  ep  22  loss 0.93139  L_gap 0.92494  L_bnd 0.01289  |  MAE_val(macro) 0.57912  lr 1.00e-03  144.6s
  ep  23  loss 0.91551  L_gap 0.90952  L_bnd 0.01198  |  MAE_val(macro) 0.58509  lr 1.00e-03  145.3s
  ep  24  loss 0.91558  L_gap 0.90953  L_bnd 0.01211  |  MAE_val(macro) 0.58290  lr 1.00e-03  143.9s
  ep  25  loss 0.89981  L_gap 0.89397  L_bnd 0.01167  |  MAE_val(macro) 0.57939  lr 1.00e-03  142.7s
  ep  26  loss 0.87485  L_gap 0.86907  L_bnd 0.01155  |  MAE_val(macro) 0.57765  lr 1.00e-03  146.1s
  ep  27  loss 0.89729  L_gap 0.89167  L_bnd 0.01124  |  MAE_val(macro) 0.57823  lr 5.00e-04  146.0s
  ep  28  loss 0.88097  L_gap 0.87618  L_bnd 0.00958  |  MAE_val(macro) 0.56925  lr 5.00e-04  143.5s
  ep  29  loss 0.89035  L_gap 0.88583  L_bnd 0.00904  |  MAE_val(macro) 0.57011  lr 5.00e-04  144.0s
  ep  30  loss 0.91495  L_gap 0.91029  L_bnd 0.00933  |  MAE_val(macro) 0.57056  lr 5.00e-04  145.4s
  ep  31  loss 0.87585  L_gap 0.87141  L_bnd 0.00888  |  MAE_val(macro) 0.56720  lr 5.00e-04  145.2s
  ep  32  loss 0.88482  L_gap 0.88038  L_bnd 0.00889  |  MAE_val(macro) 0.56686  lr 5.00e-04  144.1s
  ep  33  loss 0.90382  L_gap 0.89945  L_bnd 0.00875  |  MAE_val(macro) 0.56642  lr 5.00e-04  143.5s
  ep  34  loss 0.89158  L_gap 0.88721  L_bnd 0.00874  |  MAE_val(macro) 0.56941  lr 5.00e-04  143.4s
  ep  35  loss 0.88015  L_gap 0.87584  L_bnd 0.00862  |  MAE_val(macro) 0.56602  lr 5.00e-04  146.7s
  ep  36  loss 0.86916  L_gap 0.86506  L_bnd 0.00821  |  MAE_val(macro) 0.56502  lr 5.00e-04  144.2s
  ep  37  loss 0.87132  L_gap 0.86728  L_bnd 0.00807  |  MAE_val(macro) 0.56688  lr 5.00e-04  142.7s
  ep  38  loss 0.88164  L_gap 0.87749  L_bnd 0.00831  |  MAE_val(macro) 0.56522  lr 5.00e-04  142.6s
  ep  39  loss 0.89014  L_gap 0.88609  L_bnd 0.00811  |  MAE_val(macro) 0.57074  lr 5.00e-04  143.2s
  ep  40  loss 0.88355  L_gap 0.87922  L_bnd 0.00866  |  MAE_val(macro) 0.56468  lr 5.00e-04  146.9s
  ep  41  loss 0.86259  L_gap 0.85873  L_bnd 0.00773  |  MAE_val(macro) 0.56527  lr 5.00e-04  142.6s
  ep  42  loss 0.86760  L_gap 0.86351  L_bnd 0.00818  |  MAE_val(macro) 0.56474  lr 5.00e-04  142.2s
  ep  43  loss 0.87201  L_gap 0.86786  L_bnd 0.00830  |  MAE_val(macro) 0.56624  lr 5.00e-04  142.5s
  ep  44  loss 0.91612  L_gap 0.91203  L_bnd 0.00817  |  MAE_val(macro) 0.56590  lr 5.00e-04  145.0s
  ep  45  loss 0.83789  L_gap 0.83388  L_bnd 0.00803  |  MAE_val(macro) 0.56484  lr 5.00e-04  143.5s
  ep  46  loss 0.89015  L_gap 0.88625  L_bnd 0.00780  |  MAE_val(macro) 0.56622  lr 2.50e-04  144.8s
  ep  47  loss 0.86480  L_gap 0.86134  L_bnd 0.00692  |  MAE_val(macro) 0.55875  lr 2.50e-04  142.1s
  ep  48  loss 0.86575  L_gap 0.86229  L_bnd 0.00693  |  MAE_val(macro) 0.56224  lr 2.50e-04  144.5s
  ep  49  loss 0.84757  L_gap 0.84407  L_bnd 0.00699  |  MAE_val(macro) 0.56161  lr 2.50e-04  141.8s
  ep  50  loss 0.86163  L_gap 0.85825  L_bnd 0.00675  |  MAE_val(macro) 0.56246  lr 2.50e-04  143.6s
  ep  51  loss 0.87732  L_gap 0.87397  L_bnd 0.00670  |  MAE_val(macro) 0.55974  lr 2.50e-04  145.6s
  ep  52  loss 0.88287  L_gap 0.87939  L_bnd 0.00695  |  MAE_val(macro) 0.55882  lr 2.50e-04  145.5s
  ep  53  loss 0.85887  L_gap 0.85548  L_bnd 0.00677  |  MAE_val(macro) 0.56065  lr 1.25e-04  142.9s
  ep  54  loss 0.88303  L_gap 0.87979  L_bnd 0.00647  |  MAE_val(macro) 0.55852  lr 1.25e-04  145.9s
  ep  55  loss 0.87549  L_gap 0.87239  L_bnd 0.00619  |  MAE_val(macro) 0.55989  lr 1.25e-04  145.7s
  ep  56  loss 0.90528  L_gap 0.90218  L_bnd 0.00618  |  MAE_val(macro) 0.55812  lr 1.25e-04  145.3s
  ep  57  loss 0.87037  L_gap 0.86720  L_bnd 0.00636  |  MAE_val(macro) 0.55791  lr 1.25e-04  143.5s
  ep  58  loss 0.87023  L_gap 0.86712  L_bnd 0.00623  |  MAE_val(macro) 0.55910  lr 1.25e-04  143.8s
  ep  59  loss 0.85588  L_gap 0.85279  L_bnd 0.00618  |  MAE_val(macro) 0.55884  lr 1.25e-04  143.4s
  ep  60  loss 0.84829  L_gap 0.84514  L_bnd 0.00629  |  MAE_val(macro) 0.55664  lr 1.25e-04  148.3s
  ep  61  loss 0.86867  L_gap 0.86562  L_bnd 0.00610  |  MAE_val(macro) 0.55837  lr 1.25e-04  145.2s
  ep  62  loss 0.84110  L_gap 0.83805  L_bnd 0.00611  |  MAE_val(macro) 0.55714  lr 1.25e-04  143.4s
  ep  63  loss 0.85103  L_gap 0.84799  L_bnd 0.00608  |  MAE_val(macro) 0.55833  lr 1.25e-04  143.6s
  ep  64  loss 0.89863  L_gap 0.89563  L_bnd 0.00599  |  MAE_val(macro) 0.55807  lr 1.25e-04  145.6s
  ep  65  loss 0.86014  L_gap 0.85709  L_bnd 0.00610  |  MAE_val(macro) 0.55830  lr 1.25e-04  145.0s
  ep  66  loss 0.85318  L_gap 0.85023  L_bnd 0.00590  |  MAE_val(macro) 0.55971  lr 6.25e-05  144.1s
  ep  67  loss 0.85254  L_gap 0.84967  L_bnd 0.00574  |  MAE_val(macro) 0.55686  lr 6.25e-05  141.0s
  ep  68  loss 0.84484  L_gap 0.84195  L_bnd 0.00579  |  MAE_val(macro) 0.55628  lr 6.25e-05  147.4s
  ep  69  loss 0.83431  L_gap 0.83143  L_bnd 0.00577  |  MAE_val(macro) 0.55618  lr 6.25e-05  145.0s
  ep  70  loss 0.87688  L_gap 0.87397  L_bnd 0.00582  |  MAE_val(macro) 0.55656  lr 6.25e-05  142.8s
  ep  71  loss 0.86036  L_gap 0.85746  L_bnd 0.00579  |  MAE_val(macro) 0.55677  lr 6.25e-05  142.8s
  ep  72  loss 0.83796  L_gap 0.83508  L_bnd 0.00575  |  MAE_val(macro) 0.55540  lr 6.25e-05  146.4s
  ep  73  loss 0.86199  L_gap 0.85910  L_bnd 0.00578  |  MAE_val(macro) 0.55680  lr 6.25e-05  144.3s
  ep  74  loss 0.86902  L_gap 0.86619  L_bnd 0.00567  |  MAE_val(macro) 0.55720  lr 6.25e-05  143.0s
  ep  75  loss 0.85990  L_gap 0.85708  L_bnd 0.00563  |  MAE_val(macro) 0.55703  lr 6.25e-05  143.4s
  ep  76  loss 0.86044  L_gap 0.85768  L_bnd 0.00553  |  MAE_val(macro) 0.55632  lr 6.25e-05  143.4s
  ep  77  loss 0.86757  L_gap 0.86473  L_bnd 0.00568  |  MAE_val(macro) 0.55691  lr 6.25e-05  145.4s
  ep  78  loss 0.85065  L_gap 0.84777  L_bnd 0.00575  |  MAE_val(macro) 0.55639  lr 3.13e-05  143.2s
  ep  79  loss 0.86096  L_gap 0.85815  L_bnd 0.00562  |  MAE_val(macro) 0.55609  lr 3.13e-05  143.0s
  ep  80  loss 0.84533  L_gap 0.84253  L_bnd 0.00561  |  MAE_val(macro) 0.55587  lr 3.13e-05  144.0s
  ep  81  loss 0.85254  L_gap 0.84975  L_bnd 0.00557  |  MAE_val(macro) 0.55615  lr 3.13e-05  146.7s
  ep  82  loss 0.87124  L_gap 0.86843  L_bnd 0.00561  |  MAE_val(macro) 0.55726  lr 3.13e-05  144.6s
  early stopping: 10 epoch khong cai thien.
  xong: MAE_val tot nhat 0.55540 tai epoch 72/82, 197.1 phut, 144.3 s/epoch. Ghi e5_f5_lam0.5.json, e5_f5_lam0.5.pt
  > D:\nam4_ky1\AI_4_IOT\Module 5 - PROJECT\G6\train.py --id e5_f5_lam1 --lam 1.0 --fold 5
[e5_f5_lam1] device=cpu | train S[3, 4, 5, 6, 7, 8, 9, 10, 11, 12] | val S[1, 2] | lam=1.0 | lstm=True | acc=False
  nap xong: train 42988 cua so, val 8702 cua so (10s)
  ep   1  loss 1.27083  L_gap 1.18884  L_bnd 0.08199  |  MAE_val(macro) 0.72546  lr 1.00e-03  139.4s
  ep   2  loss 1.17954  L_gap 1.15708  L_bnd 0.02246  |  MAE_val(macro) 0.71019  lr 1.00e-03  140.1s
  ep   3  loss 1.18909  L_gap 1.17032  L_bnd 0.01876  |  MAE_val(macro) 0.70119  lr 1.00e-03  142.8s
  ep   4  loss 1.07409  L_gap 1.05500  L_bnd 0.01908  |  MAE_val(macro) 0.64596  lr 1.00e-03  144.5s
  ep   5  loss 1.02245  L_gap 1.00398  L_bnd 0.01847  |  MAE_val(macro) 0.62159  lr 1.00e-03  142.3s
  ep   6  loss 1.01838  L_gap 1.00108  L_bnd 0.01729  |  MAE_val(macro) 0.60987  lr 1.00e-03  142.0s
  ep   7  loss 0.99263  L_gap 0.97676  L_bnd 0.01587  |  MAE_val(macro) 0.60663  lr 1.00e-03  144.0s
  ep   8  loss 0.97792  L_gap 0.96371  L_bnd 0.01421  |  MAE_val(macro) 0.60234  lr 1.00e-03  144.2s
  ep   9  loss 0.95513  L_gap 0.94157  L_bnd 0.01355  |  MAE_val(macro) 0.60784  lr 1.00e-03  143.1s
  ep  10  loss 0.95882  L_gap 0.94547  L_bnd 0.01335  |  MAE_val(macro) 0.59840  lr 1.00e-03  146.0s
  ep  11  loss 0.93101  L_gap 0.91794  L_bnd 0.01307  |  MAE_val(macro) 0.59335  lr 1.00e-03  142.0s
  ep  12  loss 0.98802  L_gap 0.97601  L_bnd 0.01201  |  MAE_val(macro) 0.59902  lr 1.00e-03  143.4s
  ep  13  loss 0.92067  L_gap 0.90863  L_bnd 0.01204  |  MAE_val(macro) 0.59084  lr 1.00e-03  142.3s
  ep  14  loss 0.95326  L_gap 0.94226  L_bnd 0.01100  |  MAE_val(macro) 0.59766  lr 1.00e-03  142.4s
  ep  15  loss 0.94988  L_gap 0.93911  L_bnd 0.01077  |  MAE_val(macro) 0.59023  lr 1.00e-03  143.0s
  ep  16  loss 0.90558  L_gap 0.89484  L_bnd 0.01075  |  MAE_val(macro) 0.58695  lr 1.00e-03  145.4s
  ep  17  loss 0.95070  L_gap 0.93971  L_bnd 0.01099  |  MAE_val(macro) 0.58734  lr 1.00e-03  141.9s
  ep  18  loss 0.97605  L_gap 0.96581  L_bnd 0.01023  |  MAE_val(macro) 0.58222  lr 1.00e-03  142.7s
  ep  19  loss 0.93569  L_gap 0.92547  L_bnd 0.01022  |  MAE_val(macro) 0.58170  lr 1.00e-03  144.8s
  ep  20  loss 0.92444  L_gap 0.91439  L_bnd 0.01005  |  MAE_val(macro) 0.58225  lr 1.00e-03  145.4s
  ep  21  loss 0.89130  L_gap 0.88202  L_bnd 0.00928  |  MAE_val(macro) 0.58376  lr 1.00e-03  143.6s
  ep  22  loss 0.93868  L_gap 0.92908  L_bnd 0.00959  |  MAE_val(macro) 0.57643  lr 1.00e-03  142.2s
  ep  23  loss 0.92172  L_gap 0.91286  L_bnd 0.00886  |  MAE_val(macro) 0.58280  lr 1.00e-03  143.0s
  ep  24  loss 0.92155  L_gap 0.91234  L_bnd 0.00921  |  MAE_val(macro) 0.57904  lr 1.00e-03  144.8s
  ep  25  loss 0.90436  L_gap 0.89555  L_bnd 0.00881  |  MAE_val(macro) 0.57609  lr 1.00e-03  142.4s
  ep  26  loss 0.88049  L_gap 0.87146  L_bnd 0.00903  |  MAE_val(macro) 0.57848  lr 1.00e-03  140.3s
  ep  27  loss 0.90301  L_gap 0.89440  L_bnd 0.00862  |  MAE_val(macro) 0.57850  lr 1.00e-03  142.2s
  ep  28  loss 0.89465  L_gap 0.88614  L_bnd 0.00851  |  MAE_val(macro) 0.57350  lr 1.00e-03  144.4s
  ep  29  loss 0.90559  L_gap 0.89702  L_bnd 0.00857  |  MAE_val(macro) 0.57757  lr 1.00e-03  142.2s
  ep  30  loss 0.93029  L_gap 0.92205  L_bnd 0.00824  |  MAE_val(macro) 0.57803  lr 1.00e-03  142.2s
  ep  31  loss 0.88823  L_gap 0.88017  L_bnd 0.00806  |  MAE_val(macro) 0.57076  lr 1.00e-03  142.7s
  ep  32  loss 0.89862  L_gap 0.89019  L_bnd 0.00844  |  MAE_val(macro) 0.57166  lr 1.00e-03  143.8s
  ep  33  loss 0.91658  L_gap 0.90874  L_bnd 0.00784  |  MAE_val(macro) 0.57213  lr 1.00e-03  145.2s
  ep  34  loss 0.90306  L_gap 0.89528  L_bnd 0.00778  |  MAE_val(macro) 0.57058  lr 1.00e-03  141.8s
  ep  35  loss 0.89122  L_gap 0.88340  L_bnd 0.00782  |  MAE_val(macro) 0.57096  lr 1.00e-03  142.7s
  ep  36  loss 0.88137  L_gap 0.87361  L_bnd 0.00777  |  MAE_val(macro) 0.56804  lr 1.00e-03  142.2s
  ep  37  loss 0.88106  L_gap 0.87391  L_bnd 0.00714  |  MAE_val(macro) 0.56819  lr 1.00e-03  146.0s
  ep  38  loss 0.89182  L_gap 0.88436  L_bnd 0.00746  |  MAE_val(macro) 0.57235  lr 1.00e-03  141.0s
  ep  39  loss 0.89935  L_gap 0.89206  L_bnd 0.00729  |  MAE_val(macro) 0.56884  lr 1.00e-03  142.4s
  ep  40  loss 0.89319  L_gap 0.88568  L_bnd 0.00751  |  MAE_val(macro) 0.56486  lr 1.00e-03  142.1s
  ep  41  loss 0.87005  L_gap 0.86357  L_bnd 0.00648  |  MAE_val(macro) 0.56793  lr 1.00e-03  144.6s
  ep  42  loss 0.87493  L_gap 0.86785  L_bnd 0.00708  |  MAE_val(macro) 0.56837  lr 1.00e-03  141.6s
  ep  43  loss 0.87965  L_gap 0.87240  L_bnd 0.00725  |  MAE_val(macro) 0.56630  lr 1.00e-03  142.2s
  ep  44  loss 0.92296  L_gap 0.91603  L_bnd 0.00692  |  MAE_val(macro) 0.56952  lr 1.00e-03  142.0s
  ep  45  loss 0.84554  L_gap 0.83864  L_bnd 0.00689  |  MAE_val(macro) 0.56489  lr 1.00e-03  143.4s
  ep  46  loss 0.89753  L_gap 0.89060  L_bnd 0.00693  |  MAE_val(macro) 0.56533  lr 5.00e-04  142.5s
  ep  47  loss 0.86836  L_gap 0.86280  L_bnd 0.00556  |  MAE_val(macro) 0.55765  lr 5.00e-04  141.5s
  ep  48  loss 0.86821  L_gap 0.86269  L_bnd 0.00552  |  MAE_val(macro) 0.56213  lr 5.00e-04  142.4s
  ep  49  loss 0.85014  L_gap 0.84456  L_bnd 0.00558  |  MAE_val(macro) 0.55967  lr 5.00e-04  144.9s
  ep  50  loss 0.86402  L_gap 0.85864  L_bnd 0.00539  |  MAE_val(macro) 0.56292  lr 5.00e-04  142.6s
  ep  51  loss 0.87922  L_gap 0.87368  L_bnd 0.00554  |  MAE_val(macro) 0.55866  lr 5.00e-04  143.1s
  ep  52  loss 0.88474  L_gap 0.87912  L_bnd 0.00562  |  MAE_val(macro) 0.55785  lr 5.00e-04  141.8s
  ep  53  loss 0.85966  L_gap 0.85429  L_bnd 0.00538  |  MAE_val(macro) 0.55901  lr 2.50e-04  142.2s
  ep  54  loss 0.88321  L_gap 0.87839  L_bnd 0.00482  |  MAE_val(macro) 0.55744  lr 2.50e-04  154.0s
  ep  55  loss 0.87496  L_gap 0.87036  L_bnd 0.00460  |  MAE_val(macro) 0.55942  lr 2.50e-04  144.8s
  ep  56  loss 0.90365  L_gap 0.89896  L_bnd 0.00469  |  MAE_val(macro) 0.55633  lr 2.50e-04  143.0s
  ep  57  loss 0.86980  L_gap 0.86504  L_bnd 0.00476  |  MAE_val(macro) 0.55553  lr 2.50e-04  139.6s
  ep  58  loss 0.86852  L_gap 0.86394  L_bnd 0.00458  |  MAE_val(macro) 0.55827  lr 2.50e-04  143.9s
  ep  59  loss 0.85491  L_gap 0.85036  L_bnd 0.00455  |  MAE_val(macro) 0.55859  lr 2.50e-04  142.5s
  ep  60  loss 0.84583  L_gap 0.84103  L_bnd 0.00479  |  MAE_val(macro) 0.55650  lr 2.50e-04  143.3s
  ep  61  loss 0.86759  L_gap 0.86306  L_bnd 0.00452  |  MAE_val(macro) 0.55660  lr 2.50e-04  145.1s
  ep  62  loss 0.83884  L_gap 0.83429  L_bnd 0.00455  |  MAE_val(macro) 0.55627  lr 2.50e-04  142.9s
  ep  63  loss 0.84858  L_gap 0.84415  L_bnd 0.00444  |  MAE_val(macro) 0.55592  lr 1.25e-04  142.0s
  ep  64  loss 0.89376  L_gap 0.88958  L_bnd 0.00418  |  MAE_val(macro) 0.55647  lr 1.25e-04  142.7s
  ep  65  loss 0.85552  L_gap 0.85136  L_bnd 0.00416  |  MAE_val(macro) 0.55499  lr 1.25e-04  142.8s
  ep  66  loss 0.84930  L_gap 0.84518  L_bnd 0.00412  |  MAE_val(macro) 0.55762  lr 1.25e-04  143.9s
  ep  67  loss 0.84845  L_gap 0.84435  L_bnd 0.00410  |  MAE_val(macro) 0.55522  lr 1.25e-04  142.2s
  ep  68  loss 0.84109  L_gap 0.83702  L_bnd 0.00407  |  MAE_val(macro) 0.55421  lr 1.25e-04  141.3s
  ep  69  loss 0.83032  L_gap 0.82620  L_bnd 0.00412  |  MAE_val(macro) 0.55609  lr 1.25e-04  146.3s
  ep  70  loss 0.87233  L_gap 0.86806  L_bnd 0.00427  |  MAE_val(macro) 0.55473  lr 1.25e-04  148.5s
  ep  71  loss 0.85590  L_gap 0.85180  L_bnd 0.00409  |  MAE_val(macro) 0.55477  lr 1.25e-04  144.6s
  ep  72  loss 0.83461  L_gap 0.83053  L_bnd 0.00407  |  MAE_val(macro) 0.55358  lr 1.25e-04  143.9s
  ep  73  loss 0.85749  L_gap 0.85333  L_bnd 0.00416  |  MAE_val(macro) 0.55460  lr 1.25e-04  141.2s
  ep  74  loss 0.86517  L_gap 0.86104  L_bnd 0.00413  |  MAE_val(macro) 0.55536  lr 1.25e-04  140.9s
  ep  75  loss 0.85537  L_gap 0.85127  L_bnd 0.00410  |  MAE_val(macro) 0.55480  lr 1.25e-04  139.9s
  ep  76  loss 0.85783  L_gap 0.85388  L_bnd 0.00395  |  MAE_val(macro) 0.55457  lr 1.25e-04  140.3s
  ep  77  loss 0.86334  L_gap 0.85931  L_bnd 0.00404  |  MAE_val(macro) 0.55585  lr 1.25e-04  139.1s
  ep  78  loss 0.84687  L_gap 0.84270  L_bnd 0.00417  |  MAE_val(macro) 0.55416  lr 6.25e-05  140.3s
  ep  79  loss 0.85539  L_gap 0.85149  L_bnd 0.00390  |  MAE_val(macro) 0.55367  lr 6.25e-05  142.9s
  ep  80  loss 0.83991  L_gap 0.83600  L_bnd 0.00390  |  MAE_val(macro) 0.55366  lr 6.25e-05  138.7s
  ep  81  loss 0.84733  L_gap 0.84341  L_bnd 0.00393  |  MAE_val(macro) 0.55367  lr 6.25e-05  139.2s
  ep  82  loss 0.86518  L_gap 0.86133  L_bnd 0.00385  |  MAE_val(macro) 0.55556  lr 6.25e-05  138.0s
  early stopping: 10 epoch khong cai thien.
  xong: MAE_val tot nhat 0.55358 tai epoch 72/82, 195.2 phut, 142.9 s/epoch. Ghi e5_f5_lam1.json, e5_f5_lam1.pt
  fold 5: tot nhat e5_f5_lam1 {'e5_f5_lam0': 0.55438, 'e5_f5_lam0.1': 0.55425, 'e5_f5_lam0.5': 0.5554, 'e5_f5_lam1': 0.55358}
  Da ghi e5_chon_theo_fold.json. Danh gia ngoai mau: python evaluate.py --e5 (buoc sau)
Tong thoi gian buoc e5: 1426.4 phut
[00:15:59] XONG E5 huan luyen (1426.4 phut)
[00:15:59] BAT DAU E5 danh gia ngoai mau: -u evaluate.py --e5

Fold 1: chon tham so bo doc HR tren train + val cua fold
Nap va loc cua so cua S[6, 7, 8, 9, 10, 11, 12, 13, 14, 15, 4, 5] (khong dung test):
  S6: 2622 cua so
  S7: 4668 cua so
  S8: 4037 cua so
  S9: 4277 cua so
  S10: 5321 cua so
  S11: 4521 cua so
  S12: 3954 cua so
  S13: 4565 cua so
  S14: 4476 cua so
  S15: 3966 cua so
  S4: 4572 cua so
  S5: 4649 cua so
Tong 51628 cua so. Do luoi 6x6 cau hinh.

  HR_max=150 (distance=26 mau)  prom=0.00  ty_le=1.0000  MAE_nen=11.320 bpm
  HR_max=150 (distance=26 mau)  prom=0.05  ty_le=1.0000  MAE_nen=11.161 bpm
  HR_max=150 (distance=26 mau)  prom=0.10  ty_le=1.0000  MAE_nen=11.298 bpm
  HR_max=150 (distance=26 mau)  prom=0.20  ty_le=1.0000  MAE_nen=11.694 bpm
  HR_max=150 (distance=26 mau)  prom=0.30  ty_le=1.0000  MAE_nen=12.269 bpm
  HR_max=150 (distance=26 mau)  prom=0.50  ty_le=1.0000  MAE_nen=13.740 bpm
  HR_max=160 (distance=24 mau)  prom=0.00  ty_le=1.0000  MAE_nen=11.102 bpm
  HR_max=160 (distance=24 mau)  prom=0.05  ty_le=1.0000  MAE_nen=10.476 bpm
  HR_max=160 (distance=24 mau)  prom=0.10  ty_le=1.0000  MAE_nen=10.373 bpm
  HR_max=160 (distance=24 mau)  prom=0.20  ty_le=1.0000  MAE_nen=10.459 bpm
  HR_max=160 (distance=24 mau)  prom=0.30  ty_le=1.0000  MAE_nen=10.847 bpm
  HR_max=160 (distance=24 mau)  prom=0.50  ty_le=1.0000  MAE_nen=12.159 bpm
  HR_max=170 (distance=23 mau)  prom=0.00  ty_le=1.0000  MAE_nen=11.386 bpm
  HR_max=170 (distance=23 mau)  prom=0.05  ty_le=1.0000  MAE_nen=10.476 bpm
  HR_max=170 (distance=23 mau)  prom=0.10  ty_le=1.0000  MAE_nen=10.219 bpm
  HR_max=170 (distance=23 mau)  prom=0.20  ty_le=1.0000  MAE_nen=10.136 bpm
  HR_max=170 (distance=23 mau)  prom=0.30  ty_le=1.0000  MAE_nen=10.407 bpm
  HR_max=170 (distance=23 mau)  prom=0.50  ty_le=1.0000  MAE_nen=11.592 bpm
  HR_max=180 (distance=21 mau)  prom=0.00  ty_le=1.0000  MAE_nen=12.969 bpm
  HR_max=180 (distance=21 mau)  prom=0.05  ty_le=1.0000  MAE_nen=11.403 bpm
  HR_max=180 (distance=21 mau)  prom=0.10  ty_le=1.0000  MAE_nen=10.777 bpm
  HR_max=180 (distance=21 mau)  prom=0.20  ty_le=1.0000  MAE_nen=10.228 bpm
  HR_max=180 (distance=21 mau)  prom=0.30  ty_le=1.0000  MAE_nen=10.163 bpm
  HR_max=180 (distance=21 mau)  prom=0.50  ty_le=1.0000  MAE_nen=10.946 bpm
  HR_max=190 (distance=20 mau)  prom=0.00  ty_le=1.0000  MAE_nen=14.300 bpm
  HR_max=190 (distance=20 mau)  prom=0.05  ty_le=1.0000  MAE_nen=12.320 bpm
  HR_max=190 (distance=20 mau)  prom=0.10  ty_le=1.0000  MAE_nen=11.470 bpm
  HR_max=190 (distance=20 mau)  prom=0.20  ty_le=1.0000  MAE_nen=10.615 bpm
  HR_max=190 (distance=20 mau)  prom=0.30  ty_le=1.0000  MAE_nen=10.339 bpm
  HR_max=190 (distance=20 mau)  prom=0.50  ty_le=1.0000  MAE_nen=10.847 bpm
  HR_max=200 (distance=19 mau)  prom=0.00  ty_le=1.0000  MAE_nen=16.014 bpm
  HR_max=200 (distance=19 mau)  prom=0.05  ty_le=1.0000  MAE_nen=13.543 bpm
  HR_max=200 (distance=19 mau)  prom=0.10  ty_le=1.0000  MAE_nen=12.429 bpm
  HR_max=200 (distance=19 mau)  prom=0.20  ty_le=1.0000  MAE_nen=11.197 bpm
  HR_max=200 (distance=19 mau)  prom=0.30  ty_le=1.0000  MAE_nen=10.653 bpm
  HR_max=200 (distance=19 mau)  prom=0.50  ty_le=1.0000  MAE_nen=10.863 bpm

Chon: HR_max=170 bpm -> distance=23 mau, prominence=0.20 x do lech chuan
Sai so nen cua bo doc tren train+val: MAE=10.136 bpm, ty le doc duoc 100.00%
Da ghi: D:\nam4_ky1\AI_4_IOT\Module 5 - PROJECT\G6\results\bodoc_hr_f1.json

Fold 1: test S[1, 2, 3] | mo hinh e5_f1_lam1 | bo doc HR_max=170 prom=0.2
  S1: 4603 cua so, 4 phuong phap
  S2: 4099 cua so, 4 phuong phap
  S3: 4367 cua so, 4 phuong phap
Da ghi: e5_f1_test.json, e5_f1_test_theo_cuaso.csv, e5_f1_test_dudoan_gap.npz

Fold 2: chon tham so bo doc HR tren train + val cua fold
Nap va loc cua so cua S[1, 2, 3, 9, 10, 11, 12, 13, 14, 15, 7, 8] (khong dung test):
  S1: 4603 cua so
  S2: 4099 cua so
  S3: 4367 cua so
  S9: 4277 cua so
  S10: 5321 cua so
  S11: 4521 cua so
  S12: 3954 cua so
  S13: 4565 cua so
  S14: 4476 cua so
  S15: 3966 cua so
  S7: 4668 cua so
  S8: 4037 cua so
Tong 52854 cua so. Do luoi 6x6 cau hinh.

  HR_max=150 (distance=26 mau)  prom=0.00  ty_le=1.0000  MAE_nen= 9.230 bpm
  HR_max=150 (distance=26 mau)  prom=0.05  ty_le=1.0000  MAE_nen= 8.797 bpm
  HR_max=150 (distance=26 mau)  prom=0.10  ty_le=1.0000  MAE_nen= 8.765 bpm
  HR_max=150 (distance=26 mau)  prom=0.20  ty_le=1.0000  MAE_nen= 8.935 bpm
  HR_max=150 (distance=26 mau)  prom=0.30  ty_le=1.0000  MAE_nen= 9.292 bpm
  HR_max=150 (distance=26 mau)  prom=0.50  ty_le=1.0000  MAE_nen=10.372 bpm
  HR_max=160 (distance=24 mau)  prom=0.00  ty_le=1.0000  MAE_nen= 9.942 bpm
  HR_max=160 (distance=24 mau)  prom=0.05  ty_le=1.0000  MAE_nen= 8.985 bpm
  HR_max=160 (distance=24 mau)  prom=0.10  ty_le=1.0000  MAE_nen= 8.689 bpm
  HR_max=160 (distance=24 mau)  prom=0.20  ty_le=1.0000  MAE_nen= 8.504 bpm
  HR_max=160 (distance=24 mau)  prom=0.30  ty_le=1.0000  MAE_nen= 8.639 bpm
  HR_max=160 (distance=24 mau)  prom=0.50  ty_le=1.0000  MAE_nen= 9.461 bpm
  HR_max=170 (distance=23 mau)  prom=0.00  ty_le=1.0000  MAE_nen=10.647 bpm
  HR_max=170 (distance=23 mau)  prom=0.05  ty_le=1.0000  MAE_nen= 9.379 bpm
  HR_max=170 (distance=23 mau)  prom=0.10  ty_le=1.0000  MAE_nen= 8.926 bpm
  HR_max=170 (distance=23 mau)  prom=0.20  ty_le=1.0000  MAE_nen= 8.543 bpm
  HR_max=170 (distance=23 mau)  prom=0.30  ty_le=1.0000  MAE_nen= 8.544 bpm
  HR_max=170 (distance=23 mau)  prom=0.50  ty_le=1.0000  MAE_nen= 9.181 bpm
  HR_max=180 (distance=21 mau)  prom=0.00  ty_le=1.0000  MAE_nen=13.168 bpm
  HR_max=180 (distance=21 mau)  prom=0.05  ty_le=1.0000  MAE_nen=11.197 bpm
  HR_max=180 (distance=21 mau)  prom=0.10  ty_le=1.0000  MAE_nen=10.339 bpm
  HR_max=180 (distance=21 mau)  prom=0.20  ty_le=1.0000  MAE_nen= 9.415 bpm
  HR_max=180 (distance=21 mau)  prom=0.30  ty_le=1.0000  MAE_nen= 9.030 bpm
  HR_max=180 (distance=21 mau)  prom=0.50  ty_le=1.0000  MAE_nen= 9.134 bpm
  HR_max=190 (distance=20 mau)  prom=0.00  ty_le=1.0000  MAE_nen=14.956 bpm
  HR_max=190 (distance=20 mau)  prom=0.05  ty_le=1.0000  MAE_nen=12.524 bpm
  HR_max=190 (distance=20 mau)  prom=0.10  ty_le=1.0000  MAE_nen=11.423 bpm
  HR_max=190 (distance=20 mau)  prom=0.20  ty_le=1.0000  MAE_nen=10.148 bpm
  HR_max=190 (distance=20 mau)  prom=0.30  ty_le=1.0000  MAE_nen= 9.498 bpm
  HR_max=190 (distance=20 mau)  prom=0.50  ty_le=1.0000  MAE_nen= 9.263 bpm
  HR_max=200 (distance=19 mau)  prom=0.00  ty_le=1.0000  MAE_nen=17.149 bpm
  HR_max=200 (distance=19 mau)  prom=0.05  ty_le=1.0000  MAE_nen=14.168 bpm
  HR_max=200 (distance=19 mau)  prom=0.10  ty_le=1.0000  MAE_nen=12.792 bpm
  HR_max=200 (distance=19 mau)  prom=0.20  ty_le=1.0000  MAE_nen=11.086 bpm
  HR_max=200 (distance=19 mau)  prom=0.30  ty_le=1.0000  MAE_nen=10.118 bpm
  HR_max=200 (distance=19 mau)  prom=0.50  ty_le=1.0000  MAE_nen= 9.490 bpm

Chon: HR_max=160 bpm -> distance=24 mau, prominence=0.20 x do lech chuan
Sai so nen cua bo doc tren train+val: MAE=8.504 bpm, ty le doc duoc 100.00%
Da ghi: D:\nam4_ky1\AI_4_IOT\Module 5 - PROJECT\G6\results\bodoc_hr_f2.json

Fold 2: test S[4, 5, 6] | mo hinh e5_f2_lam1 | bo doc HR_max=160 prom=0.2
  S4: 4572 cua so, 4 phuong phap
  S5: 4649 cua so, 4 phuong phap
  S6: 2622 cua so, 4 phuong phap
Da ghi: e5_f2_test.json, e5_f2_test_theo_cuaso.csv, e5_f2_test_dudoan_gap.npz

Fold 3: chon tham so bo doc HR tren train + val cua fold
Nap va loc cua so cua S[1, 2, 3, 4, 5, 6, 12, 13, 14, 15, 10, 11] (khong dung test):
  S1: 4603 cua so
  S2: 4099 cua so
  S3: 4367 cua so
  S4: 4572 cua so
  S5: 4649 cua so
  S6: 2622 cua so
  S12: 3954 cua so
  S13: 4565 cua so
  S14: 4476 cua so
  S15: 3966 cua so
  S10: 5321 cua so
  S11: 4521 cua so
Tong 51715 cua so. Do luoi 6x6 cau hinh.

  HR_max=150 (distance=26 mau)  prom=0.00  ty_le=1.0000  MAE_nen=10.705 bpm
  HR_max=150 (distance=26 mau)  prom=0.05  ty_le=1.0000  MAE_nen=10.709 bpm
  HR_max=150 (distance=26 mau)  prom=0.10  ty_le=1.0000  MAE_nen=10.872 bpm
  HR_max=150 (distance=26 mau)  prom=0.20  ty_le=1.0000  MAE_nen=11.260 bpm
  HR_max=150 (distance=26 mau)  prom=0.30  ty_le=1.0000  MAE_nen=11.754 bpm
  HR_max=150 (distance=26 mau)  prom=0.50  ty_le=1.0000  MAE_nen=13.138 bpm
  HR_max=160 (distance=24 mau)  prom=0.00  ty_le=1.0000  MAE_nen=10.385 bpm
  HR_max=160 (distance=24 mau)  prom=0.05  ty_le=1.0000  MAE_nen= 9.981 bpm
  HR_max=160 (distance=24 mau)  prom=0.10  ty_le=1.0000  MAE_nen= 9.940 bpm
  HR_max=160 (distance=24 mau)  prom=0.20  ty_le=1.0000  MAE_nen=10.072 bpm
  HR_max=160 (distance=24 mau)  prom=0.30  ty_le=1.0000  MAE_nen=10.412 bpm
  HR_max=160 (distance=24 mau)  prom=0.50  ty_le=1.0000  MAE_nen=11.647 bpm
  HR_max=170 (distance=23 mau)  prom=0.00  ty_le=1.0000  MAE_nen=10.577 bpm
  HR_max=170 (distance=23 mau)  prom=0.05  ty_le=1.0000  MAE_nen= 9.936 bpm
  HR_max=170 (distance=23 mau)  prom=0.10  ty_le=1.0000  MAE_nen= 9.766 bpm
  HR_max=170 (distance=23 mau)  prom=0.20  ty_le=1.0000  MAE_nen= 9.755 bpm
  HR_max=170 (distance=23 mau)  prom=0.30  ty_le=1.0000  MAE_nen= 9.990 bpm
  HR_max=170 (distance=23 mau)  prom=0.50  ty_le=1.0000  MAE_nen=11.110 bpm
  HR_max=180 (distance=21 mau)  prom=0.00  ty_le=1.0000  MAE_nen=11.951 bpm
  HR_max=180 (distance=21 mau)  prom=0.05  ty_le=1.0000  MAE_nen=10.730 bpm
  HR_max=180 (distance=21 mau)  prom=0.10  ty_le=1.0000  MAE_nen=10.250 bpm
  HR_max=180 (distance=21 mau)  prom=0.20  ty_le=1.0000  MAE_nen= 9.823 bpm
  HR_max=180 (distance=21 mau)  prom=0.30  ty_le=1.0000  MAE_nen= 9.790 bpm
  HR_max=180 (distance=21 mau)  prom=0.50  ty_le=1.0000  MAE_nen=10.542 bpm
  HR_max=190 (distance=20 mau)  prom=0.00  ty_le=1.0000  MAE_nen=13.198 bpm
  HR_max=190 (distance=20 mau)  prom=0.05  ty_le=1.0000  MAE_nen=11.604 bpm
  HR_max=190 (distance=20 mau)  prom=0.10  ty_le=1.0000  MAE_nen=10.923 bpm
  HR_max=190 (distance=20 mau)  prom=0.20  ty_le=1.0000  MAE_nen=10.212 bpm
  HR_max=190 (distance=20 mau)  prom=0.30  ty_le=1.0000  MAE_nen= 9.977 bpm
  HR_max=190 (distance=20 mau)  prom=0.50  ty_le=1.0000  MAE_nen=10.467 bpm
  HR_max=200 (distance=19 mau)  prom=0.00  ty_le=1.0000  MAE_nen=14.856 bpm
  HR_max=200 (distance=19 mau)  prom=0.05  ty_le=1.0000  MAE_nen=12.813 bpm
  HR_max=200 (distance=19 mau)  prom=0.10  ty_le=1.0000  MAE_nen=11.890 bpm
  HR_max=200 (distance=19 mau)  prom=0.20  ty_le=1.0000  MAE_nen=10.825 bpm
  HR_max=200 (distance=19 mau)  prom=0.30  ty_le=1.0000  MAE_nen=10.326 bpm
  HR_max=200 (distance=19 mau)  prom=0.50  ty_le=1.0000  MAE_nen=10.514 bpm

Chon: HR_max=170 bpm -> distance=23 mau, prominence=0.20 x do lech chuan
Sai so nen cua bo doc tren train+val: MAE=9.755 bpm, ty le doc duoc 100.00%
Da ghi: D:\nam4_ky1\AI_4_IOT\Module 5 - PROJECT\G6\results\bodoc_hr_f3.json

Fold 3: test S[7, 8, 9] | mo hinh e5_f3_lam0.5 | bo doc HR_max=170 prom=0.2
  S7: 4668 cua so, 4 phuong phap
  S8: 4037 cua so, 4 phuong phap
  S9: 4277 cua so, 4 phuong phap
Da ghi: e5_f3_test.json, e5_f3_test_theo_cuaso.csv, e5_f3_test_dudoan_gap.npz

Fold 4: chon tham so bo doc HR tren train + val cua fold
Nap va loc cua so cua S[1, 2, 3, 4, 5, 6, 7, 8, 9, 15, 13, 14] (khong dung test):
  S1: 4603 cua so
  S2: 4099 cua so
  S3: 4367 cua so
  S4: 4572 cua so
  S5: 4649 cua so
  S6: 2622 cua so
  S7: 4668 cua so
  S8: 4037 cua so
  S9: 4277 cua so
  S15: 3966 cua so
  S13: 4565 cua so
  S14: 4476 cua so
Tong 50901 cua so. Do luoi 6x6 cau hinh.

  HR_max=150 (distance=26 mau)  prom=0.00  ty_le=1.0000  MAE_nen=10.786 bpm
  HR_max=150 (distance=26 mau)  prom=0.05  ty_le=1.0000  MAE_nen=10.528 bpm
  HR_max=150 (distance=26 mau)  prom=0.10  ty_le=1.0000  MAE_nen=10.602 bpm
  HR_max=150 (distance=26 mau)  prom=0.20  ty_le=1.0000  MAE_nen=10.911 bpm
  HR_max=150 (distance=26 mau)  prom=0.30  ty_le=1.0000  MAE_nen=11.376 bpm
  HR_max=150 (distance=26 mau)  prom=0.50  ty_le=1.0000  MAE_nen=12.739 bpm
  HR_max=160 (distance=24 mau)  prom=0.00  ty_le=1.0000  MAE_nen=10.873 bpm
  HR_max=160 (distance=24 mau)  prom=0.05  ty_le=1.0000  MAE_nen=10.118 bpm
  HR_max=160 (distance=24 mau)  prom=0.10  ty_le=1.0000  MAE_nen= 9.943 bpm
  HR_max=160 (distance=24 mau)  prom=0.20  ty_le=1.0000  MAE_nen= 9.929 bpm
  HR_max=160 (distance=24 mau)  prom=0.30  ty_le=1.0000  MAE_nen=10.194 bpm
  HR_max=160 (distance=24 mau)  prom=0.50  ty_le=1.0000  MAE_nen=11.339 bpm
  HR_max=170 (distance=23 mau)  prom=0.00  ty_le=1.0000  MAE_nen=11.270 bpm
  HR_max=170 (distance=23 mau)  prom=0.05  ty_le=1.0000  MAE_nen=10.234 bpm
  HR_max=170 (distance=23 mau)  prom=0.10  ty_le=1.0000  MAE_nen= 9.908 bpm
  HR_max=170 (distance=23 mau)  prom=0.20  ty_le=1.0000  MAE_nen= 9.729 bpm
  HR_max=170 (distance=23 mau)  prom=0.30  ty_le=1.0000  MAE_nen= 9.878 bpm
  HR_max=170 (distance=23 mau)  prom=0.50  ty_le=1.0000  MAE_nen=10.855 bpm
  HR_max=180 (distance=21 mau)  prom=0.00  ty_le=1.0000  MAE_nen=13.182 bpm
  HR_max=180 (distance=21 mau)  prom=0.05  ty_le=1.0000  MAE_nen=11.492 bpm
  HR_max=180 (distance=21 mau)  prom=0.10  ty_le=1.0000  MAE_nen=10.793 bpm
  HR_max=180 (distance=21 mau)  prom=0.20  ty_le=1.0000  MAE_nen=10.123 bpm
  HR_max=180 (distance=21 mau)  prom=0.30  ty_le=1.0000  MAE_nen= 9.911 bpm
  HR_max=180 (distance=21 mau)  prom=0.50  ty_le=1.0000  MAE_nen=10.416 bpm
  HR_max=190 (distance=20 mau)  prom=0.00  ty_le=1.0000  MAE_nen=14.710 bpm
  HR_max=190 (distance=20 mau)  prom=0.05  ty_le=1.0000  MAE_nen=12.603 bpm
  HR_max=190 (distance=20 mau)  prom=0.10  ty_le=1.0000  MAE_nen=11.665 bpm
  HR_max=190 (distance=20 mau)  prom=0.20  ty_le=1.0000  MAE_nen=10.670 bpm
  HR_max=190 (distance=20 mau)  prom=0.30  ty_le=1.0000  MAE_nen=10.224 bpm
  HR_max=190 (distance=20 mau)  prom=0.50  ty_le=1.0000  MAE_nen=10.425 bpm
  HR_max=200 (distance=19 mau)  prom=0.00  ty_le=1.0000  MAE_nen=16.648 bpm
  HR_max=200 (distance=19 mau)  prom=0.05  ty_le=1.0000  MAE_nen=14.065 bpm
  HR_max=200 (distance=19 mau)  prom=0.10  ty_le=1.0000  MAE_nen=12.858 bpm
  HR_max=200 (distance=19 mau)  prom=0.20  ty_le=1.0000  MAE_nen=11.453 bpm
  HR_max=200 (distance=19 mau)  prom=0.30  ty_le=1.0000  MAE_nen=10.713 bpm
  HR_max=200 (distance=19 mau)  prom=0.50  ty_le=1.0000  MAE_nen=10.553 bpm

Chon: HR_max=170 bpm -> distance=23 mau, prominence=0.20 x do lech chuan
Sai so nen cua bo doc tren train+val: MAE=9.729 bpm, ty le doc duoc 100.00%
Da ghi: D:\nam4_ky1\AI_4_IOT\Module 5 - PROJECT\G6\results\bodoc_hr_f4.json

Fold 4: test S[10, 11, 12] | mo hinh e5_f4_lam0.5 | bo doc HR_max=170 prom=0.2
  S10: 5321 cua so, 4 phuong phap
  S11: 4521 cua so, 4 phuong phap
  S12: 3954 cua so, 4 phuong phap
Da ghi: e5_f4_test.json, e5_f4_test_theo_cuaso.csv, e5_f4_test_dudoan_gap.npz

Fold 5: chon tham so bo doc HR tren train + val cua fold
Nap va loc cua so cua S[3, 4, 5, 6, 7, 8, 9, 10, 11, 12, 1, 2] (khong dung test):
  S3: 4367 cua so
  S4: 4572 cua so
  S5: 4649 cua so
  S6: 2622 cua so
  S7: 4668 cua so
  S8: 4037 cua so
  S9: 4277 cua so
  S10: 5321 cua so
  S11: 4521 cua so
  S12: 3954 cua so
  S1: 4603 cua so
  S2: 4099 cua so
Tong 51690 cua so. Do luoi 6x6 cau hinh.

  HR_max=150 (distance=26 mau)  prom=0.00  ty_le=1.0000  MAE_nen=11.404 bpm
  HR_max=150 (distance=26 mau)  prom=0.05  ty_le=1.0000  MAE_nen=11.158 bpm
  HR_max=150 (distance=26 mau)  prom=0.10  ty_le=1.0000  MAE_nen=11.246 bpm
  HR_max=150 (distance=26 mau)  prom=0.20  ty_le=1.0000  MAE_nen=11.597 bpm
  HR_max=150 (distance=26 mau)  prom=0.30  ty_le=1.0000  MAE_nen=12.113 bpm
  HR_max=150 (distance=26 mau)  prom=0.50  ty_le=1.0000  MAE_nen=13.579 bpm
  HR_max=160 (distance=24 mau)  prom=0.00  ty_le=1.0000  MAE_nen=11.526 bpm
  HR_max=160 (distance=24 mau)  prom=0.05  ty_le=1.0000  MAE_nen=10.752 bpm
  HR_max=160 (distance=24 mau)  prom=0.10  ty_le=1.0000  MAE_nen=10.586 bpm
  HR_max=160 (distance=24 mau)  prom=0.20  ty_le=1.0000  MAE_nen=10.605 bpm
  HR_max=160 (distance=24 mau)  prom=0.30  ty_le=1.0000  MAE_nen=10.917 bpm
  HR_max=160 (distance=24 mau)  prom=0.50  ty_le=1.0000  MAE_nen=12.186 bpm
  HR_max=170 (distance=23 mau)  prom=0.00  ty_le=1.0000  MAE_nen=11.979 bpm
  HR_max=170 (distance=23 mau)  prom=0.05  ty_le=1.0000  MAE_nen=10.903 bpm
  HR_max=170 (distance=23 mau)  prom=0.10  ty_le=1.0000  MAE_nen=10.570 bpm
  HR_max=170 (distance=23 mau)  prom=0.20  ty_le=1.0000  MAE_nen=10.407 bpm
  HR_max=170 (distance=23 mau)  prom=0.30  ty_le=1.0000  MAE_nen=10.590 bpm
  HR_max=170 (distance=23 mau)  prom=0.50  ty_le=1.0000  MAE_nen=11.688 bpm
  HR_max=180 (distance=21 mau)  prom=0.00  ty_le=1.0000  MAE_nen=13.852 bpm
  HR_max=180 (distance=21 mau)  prom=0.05  ty_le=1.0000  MAE_nen=12.117 bpm
  HR_max=180 (distance=21 mau)  prom=0.10  ty_le=1.0000  MAE_nen=11.399 bpm
  HR_max=180 (distance=21 mau)  prom=0.20  ty_le=1.0000  MAE_nen=10.731 bpm
  HR_max=180 (distance=21 mau)  prom=0.30  ty_le=1.0000  MAE_nen=10.560 bpm
  HR_max=180 (distance=21 mau)  prom=0.50  ty_le=1.0000  MAE_nen=11.198 bpm
  HR_max=190 (distance=20 mau)  prom=0.00  ty_le=1.0000  MAE_nen=15.328 bpm
  HR_max=190 (distance=20 mau)  prom=0.05  ty_le=1.0000  MAE_nen=13.159 bpm
  HR_max=190 (distance=20 mau)  prom=0.10  ty_le=1.0000  MAE_nen=12.206 bpm
  HR_max=190 (distance=20 mau)  prom=0.20  ty_le=1.0000  MAE_nen=11.210 bpm
  HR_max=190 (distance=20 mau)  prom=0.30  ty_le=1.0000  MAE_nen=10.811 bpm
  HR_max=190 (distance=20 mau)  prom=0.50  ty_le=1.0000  MAE_nen=11.151 bpm
  HR_max=200 (distance=19 mau)  prom=0.00  ty_le=1.0000  MAE_nen=17.196 bpm
  HR_max=200 (distance=19 mau)  prom=0.05  ty_le=1.0000  MAE_nen=14.528 bpm
  HR_max=200 (distance=19 mau)  prom=0.10  ty_le=1.0000  MAE_nen=13.306 bpm
  HR_max=200 (distance=19 mau)  prom=0.20  ty_le=1.0000  MAE_nen=11.911 bpm
  HR_max=200 (distance=19 mau)  prom=0.30  ty_le=1.0000  MAE_nen=11.213 bpm
  HR_max=200 (distance=19 mau)  prom=0.50  ty_le=1.0000  MAE_nen=11.215 bpm

Chon: HR_max=170 bpm -> distance=23 mau, prominence=0.20 x do lech chuan
Sai so nen cua bo doc tren train+val: MAE=10.407 bpm, ty le doc duoc 100.00%
Da ghi: D:\nam4_ky1\AI_4_IOT\Module 5 - PROJECT\G6\results\bodoc_hr_f5.json

Fold 5: test S[13, 14, 15] | mo hinh e5_f5_lam1 | bo doc HR_max=170 prom=0.2
  S13: 4565 cua so, 4 phuong phap
  S14: 4476 cua so, 4 phuong phap
  S15: 3966 cua so, 4 phuong phap
Da ghi: e5_f5_test.json, e5_f5_test_theo_cuaso.csv, e5_f5_test_dudoan_gap.npz

=== E5: trung binh +- do lech chuan qua 5 fold ===
lap_chu_ky   MAE 0.9893 +- 0.0207 | RMSE 1.2404 +- 0.0316 | MAE_HR_pres 5.750 +- 0.502
mo_hinh      MAE 0.5500 +- 0.0303 | RMSE 0.7169 +- 0.0432 | MAE_HR_pres 4.227 +- 0.946
spline       MAE 2.2768 +- 0.0882 | RMSE 2.7428 +- 0.0956 | MAE_HR_pres 16.363 +- 1.436
tuyen_tinh   MAE 1.0002 +- 0.0109 | RMSE 1.2482 +- 0.0092 | MAE_HR_pres 16.478 +- 1.575
Mo hinh tot hon lap chu ky o 15/15 doi tuong, chenh lech MAE trung binh -0.4393
Da ghi: e5_tonghop.json
[01:16:13] XONG E5 danh gia ngoai mau (60.2 phut)
[01:16:13] HOAN TAT TOAN BO E5
